new_name,ticketNumber,source_imageUrl,source_file
00001.jpg,#O168E,/uploads/1780738284259-image.jpg,1780738284259-image.jpg
00002.jpg,#480FF,/uploads/1780738602619-image.jpg,1780738602619-image.jpg
00003.jpg,#25001,/uploads/1780739350690-image.jpg,1780739350690-image.jpg
00004.jpg,#E3A75,/uploads/1780740174099-image.jpg,1780740174099-image.jpg
00005.jpg,#451B2,/uploads/1780741588239-image.jpg,1780741588239-image.jpg
00006.jpg,#D300F,/uploads/1780742148404-image.jpg,1780742148404-image.jpg
00007.jpg,#8927,/uploads/1780742289006-image.jpg,1780742289006-image.jpg
00008.jpg,#6432,/uploads/1780742320956-image.jpg,1780742320956-image.jpg
00009.jpg,#EFFC1,/uploads/1780742744728-image.jpg,1780742744728-image.jpg
00010.jpg,#0377,/uploads/1780742859208-image.jpg,1780742859208-image.jpg
00011.jpg,#7BE01,/uploads/1780742991104-image.jpg,1780742991104-image.jpg
00012.jpg,#80DE8,/uploads/1780743134830-image.jpg,1780743134830-image.jpg
00013.jpg,#166EE,/uploads/1780743147933-image.jpg,1780743147933-image.jpg
00014.jpg,#56D9B,/uploads/1780743214386-image.jpg,1780743214386-image.jpg
00015.jpg,#843AD,/uploads/1780743547109-image.jpg,1780743547109-image.jpg
00016.jpg,#804AE,/uploads/1780743622008-image.jpg,1780743622008-image.jpg
00017.jpg,#OOFDS7,/uploads/1780744445651-image.jpg,1780744445651-image.jpg
00018.jpg,#1296,/uploads/1780744753312-image.jpg,1780744753312-image.jpg
00019.jpg,#90184,/uploads/1780746150366-image.jpg,1780746150366-image.jpg
00020.jpg,#4723,/uploads/1780746289083-image.jpg,1780746289083-image.jpg
00021.jpg,#2408,/uploads/1780747403204-image.jpg,1780747403204-image.jpg
00022.jpg,#EEE74,/uploads/1780749320070-image.jpg,1780749320070-image.jpg
00023.jpg,#EOABD,/uploads/1780750531064-image.jpg,1780750531064-image.jpg
00024.jpg,#85E67,/uploads/1780756557426-image.jpg,1780756557426-image.jpg
00025.jpg,#3526F,/uploads/1780756597159-image.jpg,1780756597159-image.jpg
00026.jpg,#3091A,/uploads/1780758345196-image.jpg,1780758345196-image.jpg
00027.jpg,#4CE9F,/uploads/1780759937910-image.jpg,1780759937910-image.jpg
00028.jpg,#F78E6,/uploads/1780761069026-image.jpg,1780761069026-image.jpg
00029.jpg,#663C5,/uploads/1780761147500-image.jpg,1780761147500-image.jpg
00030.jpg,#CDC12,/uploads/1780763033456-image.jpg,1780763033456-image.jpg
00031.jpg,#BCE68,/uploads/1780763097398-image.jpg,1780763097398-image.jpg
00032.jpg,#CBCAC,/uploads/1780763333872-image.jpg,1780763333872-image.jpg
00033.jpg,#A7C25,/uploads/1780763715970-image.jpg,1780763715970-image.jpg
00034.jpg,#8C695,/uploads/1780763769870-image.jpg,1780763769870-image.jpg
00035.jpg,#F7A88,/uploads/1780763834504-image.jpg,1780763834504-image.jpg
00036.jpg,#B2948,/uploads/1780764480121-image.jpg,1780764480121-image.jpg
00037.jpg,#1CED5,/uploads/1780764637906-image.jpg,1780764637906-image.jpg
00038.jpg,#9503D,/uploads/1780764717821-image.jpg,1780764717821-image.jpg
00039.jpg,#708CF,/uploads/1780764799486-image.jpg,1780764799486-image.jpg
00040.jpg,#0033,/uploads/1780764854866-image.jpg,1780764854866-image.jpg
00041.jpg,#41D43,/uploads/1780765059529-image.jpg,1780765059529-image.jpg
00042.jpg,#75951,/uploads/1780765256768-image.jpg,1780765256768-image.jpg
00043.jpg,#AEFO2,/uploads/1780765350424-image.jpg,1780765350424-image.jpg
00044.jpg,#F319,/uploads/1780766290097-image.jpg,1780766290097-image.jpg
00045.jpg,#D9B4D,/uploads/1780766343797-image.jpg,1780766343797-image.jpg
00046.jpg,#2075D,/uploads/1780766410449-image.jpg,1780766410449-image.jpg
00047.jpg,#AC598,/uploads/1780766475232-image.jpg,1780766475232-image.jpg
00048.jpg,#4697,/uploads/1780766520312-image.jpg,1780766520312-image.jpg
00049.jpg,#D8AEE,/uploads/1780766647982-image.jpg,1780766647982-image.jpg
00050.jpg,#40564,/uploads/1780766726251-image.jpg,1780766726251-image.jpg
00051.jpg,#4ED1D,/uploads/1780766857390-image.jpg,1780766857390-image.jpg
00052.jpg,#4A22F,/uploads/1780767032796-image.jpg,1780767032796-image.jpg
00053.jpg,#3683,/uploads/1780767155087-image.jpg,1780767155087-image.jpg
00054.jpg,#5372,/uploads/1780767358939-image.jpg,1780767358939-image.jpg
00055.jpg,#CE435,/uploads/1780767465650-image.jpg,1780767465650-image.jpg
00056.jpg,#E9AAA,/uploads/1780767607715-image.jpg,1780767607715-image.jpg
00057.jpg,#9027,/uploads/1780767722548-image.jpg,1780767722548-image.jpg
00058.jpg,#5A362,/uploads/1780767848413-image.jpg,1780767848413-image.jpg
00059.jpg,#65CA6,/uploads/1780768182780-image.jpg,1780768182780-image.jpg
00060.jpg,#33644603,/uploads/1780768592141-image.jpg,1780768592141-image.jpg
00061.jpg,#C4BD7,/uploads/1780768792926-image.jpg,1780768792926-image.jpg
00062.jpg,#A7B4,/uploads/1780768941058-image.jpg,1780768941058-image.jpg
00063.jpg,#DBBCD,/uploads/1780769130411-image.jpg,1780769130411-image.jpg
00064.jpg,#70353,/uploads/1780769546297-image.jpg,1780769546297-image.jpg
00065.jpg,#05CFF,/uploads/1780769582741-image.jpg,1780769582741-image.jpg
00066.jpg,#8EFAD,/uploads/1780769839669-image.jpg,1780769839669-image.jpg
00067.jpg,#DB207,/uploads/1780770034048-image.jpg,1780770034048-image.jpg
00068.jpg,#20971,/uploads/1780770108928-image.jpg,1780770108928-image.jpg
00069.jpg,#1B153,/uploads/1780770308528-image.jpg,1780770308528-image.jpg
00070.jpg,#540EA,/uploads/1780770435818-image.jpg,1780770435818-image.jpg
00071.jpg,#CAA13,/uploads/1780770509128-image.jpg,1780770509128-image.jpg
00072.jpg,#6529,/uploads/1780771414938-image.jpg,1780771414938-image.jpg
00073.jpg,#A1285,/uploads/1780771618679-image.jpg,1780771618679-image.jpg
00074.jpg,#41285,/uploads/1780771641209-image.jpg,1780771641209-image.jpg
00075.jpg,#17DA9,/uploads/1780771729907-image.jpg,1780771729907-image.jpg
00076.jpg,#CA21C,/uploads/1780771772970-image.jpg,1780771772970-image.jpg
00077.jpg,#D66C4,/uploads/1780771833350-image.jpg,1780771833350-image.jpg
00078.jpg,#C77C2A,/uploads/1780771911033-image.jpg,1780771911033-image.jpg
00079.jpg,#EC8F9,/uploads/1780772015577-image.jpg,1780772015577-image.jpg
00080.jpg,#FEE76,/uploads/1780772076063-image.jpg,1780772076063-image.jpg
00081.jpg,#FEE76,/uploads/1780772107312-image.jpg,1780772107312-image.jpg
00082.jpg,#73459,/uploads/1780772167607-image.jpg,1780772167607-image.jpg
00083.jpg,#7229,/uploads/1780772353155-image.jpg,1780772353155-image.jpg
00084.jpg,#6E30E,/uploads/1780772651978-image.jpg,1780772651978-image.jpg
00085.jpg,#633371,/uploads/1780773096356-image.jpg,1780773096356-image.jpg
00086.jpg,#9409,/uploads/1780773166187-image.jpg,1780773166187-image.jpg
00087.jpg,#88BAB,/uploads/1780774210793-image.jpg,1780774210793-image.jpg
00088.jpg,#85673,/uploads/1780774383769-image.jpg,1780774383769-image.jpg
00089.jpg,#8444,/uploads/1780774538689-image.jpg,1780774538689-image.jpg
00090.jpg,#1D53A,/uploads/1780774664387-image.jpg,1780774664387-image.jpg
00091.jpg,#81FEC,/uploads/1780774733570-image.jpg,1780774733570-image.jpg
00092.jpg,#1639,/uploads/1780774861723-image.jpg,1780774861723-image.jpg
00093.jpg,#AC8E2,/uploads/1780775147923-image.jpg,1780775147923-image.jpg
00094.jpg,#31870,/uploads/1780775257004-image.jpg,1780775257004-image.jpg
00095.jpg,#C2390,/uploads/1780775327695-image.jpg,1780775327695-image.jpg
00096.jpg,#C4B14,/uploads/1780775428150-image.jpg,1780775428150-image.jpg
00097.jpg,#9827,/uploads/1780775533534-image.jpg,1780775533534-image.jpg
00098.jpg,#7658,/uploads/1780775627181-image.jpg,1780775627181-image.jpg
00099.jpg,#1B55D,/uploads/1780775689019-image.jpg,1780775689019-image.jpg
00100.jpg,#16FB0,/uploads/1780775738244-image.jpg,1780775738244-image.jpg
00101.jpg,#16FB,/uploads/1780775774072-image.jpg,1780775774072-image.jpg
00102.jpg,#F5068,/uploads/1780775847164-image.jpg,1780775847164-image.jpg
00103.jpg,#BDDDB,/uploads/1780775900709-image.jpg,1780775900709-image.jpg
00104.jpg,#1CD7B,/uploads/1780775962417-image.jpg,1780775962417-image.jpg
00105.jpg,#840AE,/uploads/1780776022484-image.jpg,1780776022484-image.jpg
00106.jpg,#9188,/uploads/1780776108735-image.jpg,1780776108735-image.jpg
00107.jpg,#F3D40,/uploads/1780776457563-image.jpg,1780776457563-image.jpg
00108.jpg,#FOC73,/uploads/1780776761110-image.jpg,1780776761110-image.jpg
00109.jpg,#92844,/uploads/1780777396227-image.jpg,1780777396227-image.jpg
00110.jpg,#B52,/uploads/1780777404473-image.jpg,1780777404473-image.jpg
00111.jpg,#C38DB,/uploads/1780777497238-image.jpg,1780777497238-image.jpg
00112.jpg,#1765,/uploads/1780777606370-image.jpg,1780777606370-image.jpg
00113.jpg,#1700,/uploads/1780777674524-image.jpg,1780777674524-image.jpg
00114.jpg,#8ABD1,/uploads/1780778144148-image.jpg,1780778144148-image.jpg
00115.jpg,#D66BE,/uploads/1780778761032-image.jpg,1780778761032-image.jpg
00116.jpg,#51514,/uploads/1780779141792-image.jpg,1780779141792-image.jpg
00117.jpg,#32A3SE,/uploads/1780779145247-image.jpg,1780779145247-image.jpg
00118.jpg,#FIAEA,/uploads/1780779860382-image.jpg,1780779860382-image.jpg
00119.jpg,#30400,/uploads/1780779996588-image.jpg,1780779996588-image.jpg
00120.jpg,#A48D7,/uploads/1780780358186-17807803428746426665157491080433.jpg,1780780358186-17807803428746426665157491080433.jpg
00121.jpg,#6D1A0,/uploads/1780780617409-image.jpg,1780780617409-image.jpg
00122.jpg,#DB210,/uploads/1780780656909-image.jpg,1780780656909-image.jpg
00123.jpg,#D9F87,/uploads/1780780758921-image.jpg,1780780758921-image.jpg
00124.jpg,#AAG2E,/uploads/1780781236180-image.jpg,1780781236180-image.jpg
00125.jpg,#7B149,/uploads/1780782105378-image.jpg,1780782105378-image.jpg
00126.jpg,#54DBC,/uploads/1780782356430-image.jpg,1780782356430-image.jpg
00127.jpg,#343F1,/uploads/1780782413361-image.jpg,1780782413361-image.jpg
00128.jpg,#D1166,/uploads/1780783454877-17807834407781020068723963592658.jpg,1780783454877-17807834407781020068723963592658.jpg
00129.jpg,#3898C,/uploads/1780783989292-image.jpg,1780783989292-image.jpg
00130.jpg,#5867,/uploads/1780784125648-image.jpg,1780784125648-image.jpg
00131.jpg,#D84D3,/uploads/1780784219434-image.jpg,1780784219434-image.jpg
00132.jpg,#7CF58,/uploads/1780785367137-image.jpg,1780785367137-image.jpg
00133.jpg,#EBD4C,/uploads/1780785661982-image.jpg,1780785661982-image.jpg
00134.jpg,#2660,/uploads/1780785730620-image.jpg,1780785730620-image.jpg
00135.jpg,#58BE0,/uploads/1780785850570-image.jpg,1780785850570-image.jpg
00136.jpg,#ESDR,/uploads/1780785884203-image.jpg,1780785884203-image.jpg
00137.jpg,#37B36,/uploads/1780786039137-image.jpg,1780786039137-image.jpg
00138.jpg,#298D6,/uploads/1780786140096-image.jpg,1780786140096-image.jpg
00139.jpg,#6815,/uploads/1780786610120-image.jpg,1780786610120-image.jpg
00140.jpg,#B8BA5,/uploads/1780786793565-image.jpg,1780786793565-image.jpg
00141.jpg,#72CC3,/uploads/1780786799998-image.jpg,1780786799998-image.jpg
00142.jpg,#9039,/uploads/1780787543997-image.jpg,1780787543997-image.jpg
00143.jpg,#F46F1,/uploads/1780787662709-image.jpg,1780787662709-image.jpg
00144.jpg,#4117,/uploads/1780787666657-image.jpg,1780787666657-image.jpg
00145.jpg,#C814C,/uploads/1780787744646-image.jpg,1780787744646-image.jpg
00146.jpg,#38C9A,/uploads/1780788816242-image.jpg,1780788816242-image.jpg
00147.jpg,#6186,/uploads/1780788853268-image.jpg,1780788853268-image.jpg
00148.jpg,#864F2,/uploads/1780789555715-image.jpg,1780789555715-image.jpg
00149.jpg,#5474,/uploads/1780789602491-image.jpg,1780789602491-image.jpg
00150.jpg,#D9C73,/uploads/1780790208517-image.jpg,1780790208517-image.jpg
00151.jpg,#550F6,/uploads/1780790347542-image.jpg,1780790347542-image.jpg
00152.jpg,#62170,/uploads/1780790644374-image.jpg,1780790644374-image.jpg
00153.jpg,#386FE,/uploads/1780790775136-image.jpg,1780790775136-image.jpg
00154.jpg,#7E562,/uploads/1780790807760-image.jpg,1780790807760-image.jpg
00155.jpg,#D6CAO,/uploads/1780791735901-17807917202843008155284359652189.jpg,1780791735901-17807917202843008155284359652189.jpg
00156.jpg,#3595,/uploads/1780791844077-17807918313718252604473377806076.jpg,1780791844077-17807918313718252604473377806076.jpg
00157.jpg,#7A6AC,/uploads/1780792288194-17807922649694503275473645809067.jpg,1780792288194-17807922649694503275473645809067.jpg
00158.jpg,#98709,/uploads/1780792679097-17807926673174973915978780199506.jpg,1780792679097-17807926673174973915978780199506.jpg
00159.jpg,#6A9D8,/uploads/1780793256425-17807932445432804324685416495510.jpg,1780793256425-17807932445432804324685416495510.jpg
00160.jpg,#82521,/uploads/1780793317906-17807933081242229966752921672796.jpg,1780793317906-17807933081242229966752921672796.jpg
00161.jpg,#7659,/uploads/1780793778137-17807937683351771451697515920319.jpg,1780793778137-17807937683351771451697515920319.jpg
00162.jpg,#COEFB,/uploads/1780793919784-17807938992613041332435634995287.jpg,1780793919784-17807938992613041332435634995287.jpg
00163.jpg,#EB68A,/uploads/1780793993019-17807939801197037034494447233024.jpg,1780793993019-17807939801197037034494447233024.jpg
00164.jpg,#276C3,/uploads/1780794172790-17807941642967118583449379381834.jpg,1780794172790-17807941642967118583449379381834.jpg
00165.jpg,#E9B86,/uploads/1780794347747-17807943404605583917967409954007.jpg,1780794347747-17807943404605583917967409954007.jpg
00166.jpg,#C1874,/uploads/1780794667784-17807946571651662076977571816442.jpg,1780794667784-17807946571651662076977571816442.jpg
00167.jpg,#1329,/uploads/1780795042224-17807950346204924923163807460950.jpg,1780795042224-17807950346204924923163807460950.jpg
00168.jpg,#2926B,/uploads/1780795133615-17807951232084727871561352056294.jpg,1780795133615-17807951232084727871561352056294.jpg
00169.jpg,#29606,/uploads/1780795190329-1780795178430719593360106155347.jpg,1780795190329-1780795178430719593360106155347.jpg
00170.jpg,#F4135,/uploads/1780824367791-image.jpg,1780824367791-image.jpg
00171.jpg,#4154,/uploads/1780826278626-image.jpg,1780826278626-image.jpg
00172.jpg,#6C7F2,/uploads/1780826289454-image.jpg,1780826289454-image.jpg
00173.jpg,#566BB,/uploads/1780826571710-image.jpg,1780826571710-image.jpg
00174.jpg,#7918,/uploads/1780827600475-image.jpg,1780827600475-image.jpg
00175.jpg,#22109,/uploads/1780828436985-image.jpg,1780828436985-image.jpg
00176.jpg,#4D9A2,/uploads/1780828444607-image.jpg,1780828444607-image.jpg
00177.jpg,#AD9A2,/uploads/1780828485999-image.jpg,1780828485999-image.jpg
00178.jpg,#02750,/uploads/1780828633761-image.jpg,1780828633761-image.jpg
00179.jpg,#AAGIC,/uploads/1780828782160-image.jpg,1780828782160-image.jpg
00180.jpg,#4582,/uploads/1780828792674-image.jpg,1780828792674-image.jpg
00181.jpg,#AC942,/uploads/1780829086089-image.jpg,1780829086089-image.jpg
00182.jpg,#02728,/uploads/1780829163952-image.jpg,1780829163952-image.jpg
00183.jpg,#7526,/uploads/1780829440831-image.jpg,1780829440831-image.jpg
00184.jpg,#9650D,/uploads/1780829494298-image.jpg,1780829494298-image.jpg
00185.jpg,#E8F3E,/uploads/1780829747177-image.jpg,1780829747177-image.jpg
00186.jpg,#IA05A,/uploads/1780829827333-image.jpg,1780829827333-image.jpg
00187.jpg,#72DD6,/uploads/1780830277103-image.jpg,1780830277103-image.jpg
00188.jpg,#68398,/uploads/1780830673475-image.jpg,1780830673475-image.jpg
00189.jpg,#E2ZE49,/uploads/1780830719314-image.jpg,1780830719314-image.jpg
00190.jpg,#46CF6,/uploads/1780831053496-17808310411496776445122858776354.jpg,1780831053496-17808310411496776445122858776354.jpg
00191.jpg,#DB47F,/uploads/1780831845315-image.jpg,1780831845315-image.jpg
00192.jpg,#DB47F,/uploads/1780831859885-image.jpg,1780831859885-image.jpg
00193.jpg,#6281,/uploads/1780831903205-image.jpg,1780831903205-image.jpg
00194.jpg,#559EB,/uploads/1780832051443-image.jpg,1780832051443-image.jpg
00195.jpg,#559EB,/uploads/1780832086484-image.jpg,1780832086484-image.jpg
00196.jpg,#F19C1,/uploads/1780832751103-image.jpg,1780832751103-image.jpg
00197.jpg,#FE126,/uploads/1780832894253-image.jpg,1780832894253-image.jpg
00198.jpg,#2F351,/uploads/1780833009706-image.jpg,1780833009706-image.jpg
00199.jpg,#5C411,/uploads/1780833470858-image.jpg,1780833470858-image.jpg
00200.jpg,#5C411,/uploads/1780833483244-image.jpg,1780833483244-image.jpg
00201.jpg,#DC366,/uploads/1780833509241-image.jpg,1780833509241-image.jpg
00202.jpg,#OAES7,/uploads/1780833607810-image.jpg,1780833607810-image.jpg
00203.jpg,#95B2F,/uploads/1780833639376-image.jpg,1780833639376-image.jpg
00204.jpg,#4326,/uploads/1780834100612-image.jpg,1780834100612-image.jpg
00205.jpg,#6798,/uploads/1780834152130-image.jpg,1780834152130-image.jpg
00206.jpg,#27211,/uploads/1780834492202-image.jpg,1780834492202-image.jpg
00207.jpg,#27211,/uploads/1780834503881-image.jpg,1780834503881-image.jpg
00208.jpg,#CEBA,/uploads/1780834865429-image.jpg,1780834865429-image.jpg
00209.jpg,#8DDC6,/uploads/1780835639197-image.jpg,1780835639197-image.jpg
00210.jpg,#92291,/uploads/1780836947006-1780836933259716526523655687594.jpg,1780836947006-1780836933259716526523655687594.jpg
00211.jpg,#49CBB,/uploads/1780838524830-17808385114003969982994503746151.jpg,1780838524830-17808385114003969982994503746151.jpg
00212.jpg,#5CA9F,/uploads/1780838689148-17808386774383344780486362218264.jpg,1780838689148-17808386774383344780486362218264.jpg
00213.jpg,#4060F,/uploads/1780839509350-17808394959791124171588770992398.jpg,1780839509350-17808394959791124171588770992398.jpg
00214.jpg,#98354,/uploads/1780839538357-17808395234228146410163548581195.jpg,1780839538357-17808395234228146410163548581195.jpg
00215.jpg,#92CC4,/uploads/1780839649713-1780839640625548032045039215614.jpg,1780839649713-1780839640625548032045039215614.jpg
00216.jpg,#5F3EC,/uploads/1780841085187-17808410628685391792494619734112.jpg,1780841085187-17808410628685391792494619734112.jpg
00217.jpg,#F0399,/uploads/1780843039896-image.jpg,1780843039896-image.jpg
00218.jpg,#F2BOD,/uploads/1780843701054-image.jpg,1780843701054-image.jpg
00219.jpg,#9DA2A,/uploads/1780843772168-image.jpg,1780843772168-image.jpg
00220.jpg,#20138,/uploads/1780843836053-image.jpg,1780843836053-image.jpg
00221.jpg,#28D52,/uploads/1780845480220-image.jpg,1780845480220-image.jpg
00222.jpg,#4C6D1,/uploads/1780846594655-image.jpg,1780846594655-image.jpg
00223.jpg,#CC9DD,/uploads/1780846631954-image.jpg,1780846631954-image.jpg
00224.jpg,#46B48,/uploads/1780847206570-image.jpg,1780847206570-image.jpg
00225.jpg,#E7BAD,/uploads/1780847256388-image.jpg,1780847256388-image.jpg
00226.jpg,#F723D,/uploads/1780847783768-image.jpg,1780847783768-image.jpg
00227.jpg,#E9OOE,/uploads/1780847819579-image.jpg,1780847819579-image.jpg
00228.jpg,#40565,/uploads/1780848742647-image.jpg,1780848742647-image.jpg
00229.jpg,#EE983,/uploads/1780848820035-image.jpg,1780848820035-image.jpg
00230.jpg,#AC39F,/uploads/1780848877774-image.jpg,1780848877774-image.jpg
00231.jpg,#1C342,/uploads/1780848950167-image.jpg,1780848950167-image.jpg
00232.jpg,#D874A,/uploads/1780849074032-image.jpg,1780849074032-image.jpg
00233.jpg,#DCCEA,/uploads/1780849129706-image.jpg,1780849129706-image.jpg
00234.jpg,#5CFF3,/uploads/1780849259791-image.jpg,1780849259791-image.jpg
00235.jpg,#1EF61,/uploads/1780850402180-image.jpg,1780850402180-image.jpg
00236.jpg,#0804,/uploads/1780850465255-image.jpg,1780850465255-image.jpg
00237.jpg,#78750,/uploads/1780850771007-image.jpg,1780850771007-image.jpg
00238.jpg,#B510A,/uploads/1780850775402-image.jpg,1780850775402-image.jpg
00239.jpg,#F4A31,/uploads/1780851908935-image.jpg,1780851908935-image.jpg
00240.jpg,#8B604,/uploads/1780851958781-image.jpg,1780851958781-image.jpg
00241.jpg,#8515,/uploads/1780852016878-image.jpg,1780852016878-image.jpg
00242.jpg,#164E6,/uploads/1780852203903-image.jpg,1780852203903-image.jpg
00243.jpg,#630CP,/uploads/1780852244963-image.jpg,1780852244963-image.jpg
00244.jpg,#02D1E,/uploads/1780852500015-image.jpg,1780852500015-image.jpg
00245.jpg,#76865,/uploads/1780852534922-image.jpg,1780852534922-image.jpg
00246.jpg,#5788,/uploads/1780852610961-image.jpg,1780852610961-image.jpg
00247.jpg,#9C08F,/uploads/1780853066684-image.jpg,1780853066684-image.jpg
00248.jpg,#6731B,/uploads/1780853143017-image.jpg,1780853143017-image.jpg
00249.jpg,#25283,/uploads/1780853146589-image.jpg,1780853146589-image.jpg
00250.jpg,#08353,/uploads/1780853151492-image.jpg,1780853151492-image.jpg
00251.jpg,#0745,/uploads/1780853298329-image.jpg,1780853298329-image.jpg
00252.jpg,#C755B,/uploads/1780853304542-image.jpg,1780853304542-image.jpg
00253.jpg,#3F793,/uploads/1780853403956-image.jpg,1780853403956-image.jpg
00254.jpg,#D452D,/uploads/1780853408550-image.jpg,1780853408550-image.jpg
00255.jpg,#52B10,/uploads/1780853571228-image.jpg,1780853571228-image.jpg
00256.jpg,#9BFC5,/uploads/1780853770687-image.jpg,1780853770687-image.jpg
00257.jpg,#E9900,/uploads/1780853848428-image.jpg,1780853848428-image.jpg
00258.jpg,#A2CE4,/uploads/1780853855913-image.jpg,1780853855913-image.jpg
00259.jpg,#054B2,/uploads/1780854073075-image.jpg,1780854073075-image.jpg
00260.jpg,#4140,/uploads/1780854077519-image.jpg,1780854077519-image.jpg
00261.jpg,#95322,/uploads/1780854168452-image.jpg,1780854168452-image.jpg
00262.jpg,#85273,/uploads/1780854528480-image.jpg,1780854528480-image.jpg
00263.jpg,#D3CC8,/uploads/1780854671624-image.jpg,1780854671624-image.jpg
00264.jpg,#A669D,/uploads/1780854761585-image.jpg,1780854761585-image.jpg
00265.jpg,#B6A4E,/uploads/1780854855349-image.jpg,1780854855349-image.jpg
00266.jpg,#313D2,/uploads/1780854906971-image.jpg,1780854906971-image.jpg
00267.jpg,#6468,/uploads/1780855004239-image.jpg,1780855004239-image.jpg
00268.jpg,#02550,/uploads/1780855232043-image.jpg,1780855232043-image.jpg
00269.jpg,#BC2D8,/uploads/1780855281445-image.jpg,1780855281445-image.jpg
00270.jpg,#76A4E,/uploads/1780855380995-image.jpg,1780855380995-image.jpg
00271.jpg,#9DDBB,/uploads/1780855438900-image.jpg,1780855438900-image.jpg
00272.jpg,#BFAA3,/uploads/1780855941373-image.jpg,1780855941373-image.jpg
00273.jpg,#132DC,/uploads/1780856005074-image.jpg,1780856005074-image.jpg
00274.jpg,#39C54,/uploads/1780856011257-image.jpg,1780856011257-image.jpg
00275.jpg,#A5D44,/uploads/1780856402526-image.jpg,1780856402526-image.jpg
00276.jpg,#EAB34,/uploads/1780856405992-image.jpg,1780856405992-image.jpg
00277.jpg,#7532D,/uploads/1780856700448-image.jpg,1780856700448-image.jpg
00278.jpg,#D3E1B,/uploads/1780856871356-image.jpg,1780856871356-image.jpg
00279.jpg,#8036E,/uploads/1780856908539-image.jpg,1780856908539-image.jpg
00280.jpg,#3334,/uploads/1780856976848-image.jpg,1780856976848-image.jpg
00281.jpg,#A087F,/uploads/1780856983105-image.jpg,1780856983105-image.jpg
00282.jpg,#F114E,/uploads/1780857212972-image.jpg,1780857212972-image.jpg
00283.jpg,#304EB,/uploads/1780857217093-image.jpg,1780857217093-image.jpg
00284.jpg,#0449B,/uploads/1780857421322-image.jpg,1780857421322-image.jpg
00285.jpg,#7ECDC,/uploads/1780857830205-image.jpg,1780857830205-image.jpg
00286.jpg,#C15F7,/uploads/1780858175429-image.jpg,1780858175429-image.jpg
00287.jpg,#OBCFA,/uploads/1780858306356-image.jpg,1780858306356-image.jpg
00288.jpg,#85AS,/uploads/1780858743833-image.jpg,1780858743833-image.jpg
00289.jpg,#464A8,/uploads/1780858754805-image.jpg,1780858754805-image.jpg
00290.jpg,#45B9E,/uploads/1780858829448-image.jpg,1780858829448-image.jpg
00291.jpg,#0230,/uploads/1780858925802-image.jpg,1780858925802-image.jpg
00292.jpg,#773BD,/uploads/1780858931009-image.jpg,1780858931009-image.jpg
00293.jpg,#C4AC5,/uploads/1780859183940-17808591728134018345174290914085.jpg,1780859183940-17808591728134018345174290914085.jpg
00294.jpg,#7552,/uploads/1780859439690-image.jpg,1780859439690-image.jpg
00295.jpg,#8931,/uploads/1780859542913-image.jpg,1780859542913-image.jpg
00296.jpg,#49423,/uploads/1780859662284-image.jpg,1780859662284-image.jpg
00297.jpg,#C5E32,/uploads/1780859969385-image.jpg,1780859969385-image.jpg
00298.jpg,#CEOE2,/uploads/1780860104170-image.jpg,1780860104170-image.jpg
00299.jpg,#806C1,/uploads/1780860143664-image.jpg,1780860143664-image.jpg
00300.jpg,#806C1,/uploads/1780860166934-image.jpg,1780860166934-image.jpg
00301.jpg,#EB20C,/uploads/1780860321224-image.jpg,1780860321224-image.jpg
00302.jpg,#CDFA,/uploads/1780860451919-image.jpg,1780860451919-image.jpg
00303.jpg,#50E5D,/uploads/1780860530490-image.jpg,1780860530490-image.jpg
00304.jpg,#BFO8Q,/uploads/1780860746911-image.jpg,1780860746911-image.jpg
00305.jpg,#04C91,/uploads/1780860995219-image.jpg,1780860995219-image.jpg
00306.jpg,#99C89,/uploads/1780861051869-image.jpg,1780861051869-image.jpg
00307.jpg,#2F2A0,/uploads/1780861098937-image.jpg,1780861098937-image.jpg
00308.jpg,#8502F,/uploads/1780862343117-image.jpg,1780862343117-image.jpg
00309.jpg,#4CD5E,/uploads/1780862614309-image.jpg,1780862614309-image.jpg
00310.jpg,#66E3D,/uploads/1780862697094-image.jpg,1780862697094-image.jpg
00311.jpg,#3B8A2,/uploads/1780863458839-17808634478408276067635998444560.jpg,1780863458839-17808634478408276067635998444560.jpg
00312.jpg,#AA4C3,/uploads/1780863577015-17808635624915460666201113514478.jpg,1780863577015-17808635624915460666201113514478.jpg
00313.jpg,#D4339,/uploads/1780863687801-17808636617644850604097301164774.jpg,1780863687801-17808636617644850604097301164774.jpg
00314.jpg,#1C0FD,/uploads/1780865135990-image.jpg,1780865135990-image.jpg
00315.jpg,#4E944E,/uploads/1780865555126-image.jpg,1780865555126-image.jpg
00316.jpg,#AC8FC,/uploads/1780866104509-image.jpg,1780866104509-image.jpg
00317.jpg,#C3B27,/uploads/1780867513457-image.jpg,1780867513457-image.jpg
00318.jpg,#7C7C,/uploads/1780867731035-image.jpg,1780867731035-image.jpg
00319.jpg,#C39F5,/uploads/1780868265174-image.jpg,1780868265174-image.jpg
00320.jpg,#3D1A5,/uploads/1780868967565-image.jpg,1780868967565-image.jpg
00321.jpg,#C7008,/uploads/1780869017299-image.jpg,1780869017299-image.jpg
00322.jpg,#5690D,/uploads/1780869272787-image.jpg,1780869272787-image.jpg
00323.jpg,#F0CC7,/uploads/1780869336521-image.jpg,1780869336521-image.jpg
00324.jpg,#31709,/uploads/1780869516656-image.jpg,1780869516656-image.jpg
00325.jpg,#9C0F2,/uploads/1780869578858-image.jpg,1780869578858-image.jpg
00326.jpg,#AAABC,/uploads/1780869642534-17808696314714339230590170086488.jpg,1780869642534-17808696314714339230590170086488.jpg
00327.jpg,#69B20,/uploads/1780869904574-17808698918742407781444770277811.jpg,1780869904574-17808698918742407781444770277811.jpg
00328.jpg,#B643B,/uploads/1780870070434-image.jpg,1780870070434-image.jpg
00329.jpg,#FE2EA,/uploads/1780870429106-image.jpg,1780870429106-image.jpg
00330.jpg,#06E12,/uploads/1780870433707-image.jpg,1780870433707-image.jpg
00331.jpg,#7970F,/uploads/1780870664726-image.jpg,1780870664726-image.jpg
00332.jpg,#C4639,/uploads/1780870849813-image.jpg,1780870849813-image.jpg
00333.jpg,#A06AB,/uploads/1780871076303-17808709987102827786813112948184.jpg,1780871076303-17808709987102827786813112948184.jpg
00334.jpg,#D94BF,/uploads/1780871096781-17808710849361436901880290775160.jpg,1780871096781-17808710849361436901880290775160.jpg
00335.jpg,#96CFF,/uploads/1780871301080-image.jpg,1780871301080-image.jpg
00336.jpg,#D4907,/uploads/1780911088012-image.jpg,1780911088012-image.jpg
00337.jpg,#7827E,/uploads/1780911147252-image.jpg,1780911147252-image.jpg
00338.jpg,#DD353,/uploads/1780911186420-image.jpg,1780911186420-image.jpg
00339.jpg,#3E9FS,/uploads/1780911210710-image.jpg,1780911210710-image.jpg
00340.jpg,#6564A,/uploads/1780911538753-image.jpg,1780911538753-image.jpg
00341.jpg,#01CA0,/uploads/1780911579894-image.jpg,1780911579894-image.jpg
00342.jpg,#56AE1,/uploads/1780911617358-image.jpg,1780911617358-image.jpg
00343.jpg,#69778,/uploads/1780911729879-image.jpg,1780911729879-image.jpg
00344.jpg,#FODAG,/uploads/1780912884066-image.jpg,1780912884066-image.jpg
00345.jpg,#EED39,/uploads/1780912891981-image.jpg,1780912891981-image.jpg
00346.jpg,#94B78,/uploads/1780912971492-image.jpg,1780912971492-image.jpg
00347.jpg,#129D3,/uploads/1780913074762-image.jpg,1780913074762-image.jpg
00348.jpg,#3622,/uploads/1780913202655-image.jpg,1780913202655-image.jpg
00349.jpg,#8991,/uploads/1780914152599-image.jpg,1780914152599-image.jpg
00350.jpg,#1464,/uploads/1780914194546-image.jpg,1780914194546-image.jpg
00351.jpg,#COI8EA,/uploads/1780914290897-image.jpg,1780914290897-image.jpg
00352.jpg,#DFO0O0,/uploads/1780914520562-image.jpg,1780914520562-image.jpg
00353.jpg,#D1ICEA,/uploads/1780916171186-17809161595557107985284299171199.jpg,1780916171186-17809161595557107985284299171199.jpg
00354.jpg,#14D09,/uploads/1780916196389-178091617644554037208988936365.jpg,1780916196389-178091617644554037208988936365.jpg
00355.jpg,#7163,/uploads/1780916384757-image.jpg,1780916384757-image.jpg
00356.jpg,#3EC4E,/uploads/1780916514606-image.jpg,1780916514606-image.jpg
00357.jpg,#3F251,/uploads/1780916631327-image.jpg,1780916631327-image.jpg
00358.jpg,#7615,/uploads/1780916716608-image.jpg,1780916716608-image.jpg
00359.jpg,#396D7,/uploads/1780917103957-image.jpg,1780917103957-image.jpg
00360.jpg,#7984,/uploads/1780917215140-image.jpg,1780917215140-image.jpg
00361.jpg,#2407,/uploads/1780917352509-image.jpg,1780917352509-image.jpg
00362.jpg,#91778,/uploads/1780917856002-17809178436936938499281950332433.jpg,1780917856002-17809178436936938499281950332433.jpg
00363.jpg,#FBODA,/uploads/1780918469946-image.jpg,1780918469946-image.jpg
00364.jpg,#85D88,/uploads/1780920601488-image.jpg,1780920601488-image.jpg
00365.jpg,#84020,/uploads/1780920613474-image.jpg,1780920613474-image.jpg
00366.jpg,#85D88,/uploads/1780920621436-image.jpg,1780920621436-image.jpg
00367.jpg,#43555,/uploads/1780922175053-image.jpg,1780922175053-image.jpg
00368.jpg,#E02BD,/uploads/1780923837878-image.jpg,1780923837878-image.jpg
00369.jpg,#7CDFE,/uploads/1780923873205-image.jpg,1780923873205-image.jpg
00370.jpg,#D8697,/uploads/1780924730300-17809247187253080877399695464039.jpg,1780924730300-17809247187253080877399695464039.jpg
00371.jpg,#30199,/uploads/1780925008933-image.jpg,1780925008933-image.jpg
00372.jpg,#8996,/uploads/1780925830402-17809258205357473825359394472659.jpg,1780925830402-17809258205357473825359394472659.jpg
00373.jpg,#3A4B7,/uploads/1780932866896-image.jpg,1780932866896-image.jpg
00374.jpg,#06AAC,/uploads/1780933538407-image.jpg,1780933538407-image.jpg
00375.jpg,#762F1,/uploads/1780933666242-image.jpg,1780933666242-image.jpg
00376.jpg,#C921F,/uploads/1780934803778-image.jpg,1780934803778-image.jpg
00377.jpg,#F9D1D,/uploads/1780936438841-image.jpg,1780936438841-image.jpg
00378.jpg,#5296,/uploads/1780936926526-image.jpg,1780936926526-image.jpg
00379.jpg,#EDA12,/uploads/1780936939739-image.jpg,1780936939739-image.jpg
00380.jpg,#BE77F,/uploads/1780937681610-image.jpg,1780937681610-image.jpg
00381.jpg,#CAC4B,/uploads/1780937759690-image.jpg,1780937759690-image.jpg
00382.jpg,#09F3,/uploads/1780937859982-image.jpg,1780937859982-image.jpg
00383.jpg,#D9OF1F,/uploads/1780937927618-image.jpg,1780937927618-image.jpg
00384.jpg,#8D525,/uploads/1780938734809-image.jpg,1780938734809-image.jpg
00385.jpg,#69178,/uploads/1780938764095-image.jpg,1780938764095-image.jpg
00386.jpg,#9044,/uploads/1780939015877-image.jpg,1780939015877-image.jpg
00387.jpg,#9FCAE,/uploads/1780939067488-image.jpg,1780939067488-image.jpg
00388.jpg,#8AAPA,/uploads/1780939273867-image.jpg,1780939273867-image.jpg
00389.jpg,#4542,/uploads/1780939380466-image.jpg,1780939380466-image.jpg
00390.jpg,#EE3D5,/uploads/1780939450932-image.jpg,1780939450932-image.jpg
00391.jpg,#08083,/uploads/1780939686992-image.jpg,1780939686992-image.jpg
00392.jpg,#4358,/uploads/1780940030817-image.jpg,1780940030817-image.jpg
00393.jpg,#218E6,/uploads/1780940071522-image.jpg,1780940071522-image.jpg
00394.jpg,#5C3FB,/uploads/1780940160740-image.jpg,1780940160740-image.jpg
00395.jpg,#6F3CE,/uploads/1780940250281-image.jpg,1780940250281-image.jpg
00396.jpg,#9020,/uploads/1780940426927-image.jpg,1780940426927-image.jpg
00397.jpg,#D9D3F,/uploads/1780940518013-image.jpg,1780940518013-image.jpg
00398.jpg,#9ABE9,/uploads/1780940570985-image.jpg,1780940570985-image.jpg
00399.jpg,#9972,/uploads/1780941172219-image.jpg,1780941172219-image.jpg
00400.jpg,#11073,/uploads/1780941453630-image.jpg,1780941453630-image.jpg
00401.jpg,#0339,/uploads/1780942099660-image.jpg,1780942099660-image.jpg
00402.jpg,#5RESRANN,/uploads/1780942165735-image.jpg,1780942165735-image.jpg
00403.jpg,#EFA4CC,/uploads/1780942283284-image.jpg,1780942283284-image.jpg
00404.jpg,#A83A6,/uploads/1780942661926-image.jpg,1780942661926-image.jpg
00405.jpg,#E1943,/uploads/1780942805016-image.jpg,1780942805016-image.jpg
00406.jpg,#69890,/uploads/1780942988285-image.jpg,1780942988285-image.jpg
00407.jpg,#CC342,/uploads/1780943546178-image.jpg,1780943546178-image.jpg
00408.jpg,#7009C,/uploads/1780943737654-image.jpg,1780943737654-image.jpg
00409.jpg,#2872A,/uploads/1780943907811-image.jpg,1780943907811-image.jpg
00410.jpg,#E262A,/uploads/1780943956671-image.jpg,1780943956671-image.jpg
00411.jpg,#9358334,/uploads/1780944317873-image.jpg,1780944317873-image.jpg
00412.jpg,#7411,/uploads/1780944748835-image.jpg,1780944748835-image.jpg
00413.jpg,#9FD86,/uploads/1780944757863-image.jpg,1780944757863-image.jpg
00414.jpg,#49D92,/uploads/1780945675988-image.jpg,1780945675988-image.jpg
00415.jpg,#49A16,/uploads/1780946108666-image.jpg,1780946108666-image.jpg
00416.jpg,#2A7CE,/uploads/1780946900990-image.jpg,1780946900990-image.jpg
00417.jpg,#7300,/uploads/1780946914741-image.jpg,1780946914741-image.jpg
00418.jpg,#4CACO,/uploads/1780947201712-image.jpg,1780947201712-image.jpg
00419.jpg,#1881,/uploads/1780947248205-image.jpg,1780947248205-image.jpg
00420.jpg,#616FA,/uploads/1780948149298-image.jpg,1780948149298-image.jpg
00421.jpg,#E52FO,/uploads/1780948188993-image.jpg,1780948188993-image.jpg
00422.jpg,#5026,/uploads/1780948361048-image.jpg,1780948361048-image.jpg
00423.jpg,#A66C4,/uploads/1780948629321-image.jpg,1780948629321-image.jpg
00424.jpg,#EDSES,/uploads/1780948764286-image.jpg,1780948764286-image.jpg
00425.jpg,#D3184,/uploads/1780948832201-image.jpg,1780948832201-image.jpg
00426.jpg,#6509,/uploads/1780948893176-image.jpg,1780948893176-image.jpg
00427.jpg,#6694,/uploads/1780948918899-image.jpg,1780948918899-image.jpg
00428.jpg,#D222C,/uploads/1780949199751-image.jpg,1780949199751-image.jpg
00429.jpg,#41D5B,/uploads/1780949206939-image.jpg,1780949206939-image.jpg
00430.jpg,#20C43,/uploads/1780949482275-image.jpg,1780949482275-image.jpg
00431.jpg,#3BD06,/uploads/1780949741469-image.jpg,1780949741469-image.jpg
00432.jpg,#9A952,/uploads/1780949890197-image.jpg,1780949890197-image.jpg
00433.jpg,#59245,/uploads/1780950525227-image.jpg,1780950525227-image.jpg
00434.jpg,#E1CAD,/uploads/1780950647818-image.jpg,1780950647818-image.jpg
00435.jpg,#A6B6B,/uploads/1780950740758-image.jpg,1780950740758-image.jpg
00436.jpg,#E7EA2,/uploads/1780951100281-image.jpg,1780951100281-image.jpg
00437.jpg,#4F2C5,/uploads/1780951199349-image.jpg,1780951199349-image.jpg
00438.jpg,#D3FE8,/uploads/1780951885595-image.jpg,1780951885595-image.jpg
00439.jpg,#CE927,/uploads/1780952030980-image.jpg,1780952030980-image.jpg
00440.jpg,#08A5C,/uploads/1780952119682-image.jpg,1780952119682-image.jpg
00441.jpg,#2870D,/uploads/1780952307772-image.jpg,1780952307772-image.jpg
00442.jpg,#CE52C,/uploads/1780952689067-image.jpg,1780952689067-image.jpg
00443.jpg,#0488,/uploads/1780952949726-image.jpg,1780952949726-image.jpg
00444.jpg,#C3A64,/uploads/1780954294209-image.jpg,1780954294209-image.jpg
00445.jpg,#4856,/uploads/1780954362345-image.jpg,1780954362345-image.jpg
00446.jpg,#4787,/uploads/1780954723940-image.jpg,1780954723940-image.jpg
00447.jpg,#06B3D,/uploads/1780955110094-image.jpg,1780955110094-image.jpg
00448.jpg,#C3B01,/uploads/1780955715762-image.jpg,1780955715762-image.jpg
00449.jpg,#3D8D7,/uploads/1780956183936-image.jpg,1780956183936-image.jpg
00450.jpg,#AA9B5,/uploads/1780956290310-image.jpg,1780956290310-image.jpg
00451.jpg,#D356E,/uploads/1780956414851-image.jpg,1780956414851-image.jpg
00452.jpg,#68DBA,/uploads/1780956479484-image.jpg,1780956479484-image.jpg
00453.jpg,#3711,/uploads/1780956570417-image.jpg,1780956570417-image.jpg
00454.jpg,#48CC6,/uploads/1780956739850-image.jpg,1780956739850-image.jpg
00455.jpg,#BCCC1,/uploads/1780956975218-image.jpg,1780956975218-image.jpg
00456.jpg,#93D60,/uploads/1780957429391-image.jpg,1780957429391-image.jpg
00457.jpg,#ABD9D,/uploads/1780957558765-image.jpg,1780957558765-image.jpg
00458.jpg,#293C6,/uploads/1780957812082-image.jpg,1780957812082-image.jpg
00459.jpg,#89CF2,/uploads/1780958581797-image.jpg,1780958581797-image.jpg
00460.jpg,#1BAD2,/uploads/1780958633482-image.jpg,1780958633482-image.jpg
00461.jpg,#B3B9D,/uploads/1780958702329-image.jpg,1780958702329-image.jpg
00462.jpg,#22152,/uploads/1780958922126-image.jpg,1780958922126-image.jpg
00463.jpg,#32AC7,/uploads/1780959021773-image.jpg,1780959021773-image.jpg
00464.jpg,#1E5E5,/uploads/1780959368982-image.jpg,1780959368982-image.jpg
00465.jpg,#79D5F,/uploads/1780959893649-image.jpg,1780959893649-image.jpg
00466.jpg,#F9DCO,/uploads/1780960400268-image.jpg,1780960400268-image.jpg
00467.jpg,#4876,/uploads/1780960695833-image.jpg,1780960695833-image.jpg
00468.jpg,#7231,/uploads/1780961400105-image.jpg,1780961400105-image.jpg
00469.jpg,#83A57,/uploads/1780961476894-image.jpg,1780961476894-image.jpg
00470.jpg,#241C7,/uploads/1780961544106-image.jpg,1780961544106-image.jpg
00471.jpg,#7A31C,/uploads/1780961987453-image.jpg,1780961987453-image.jpg
00472.jpg,#0936,/uploads/1780962062009-image.jpg,1780962062009-image.jpg
00473.jpg,#D2BA8,/uploads/1780962120935-image.jpg,1780962120935-image.jpg
00474.jpg,#24928,/uploads/1780962315296-image.jpg,1780962315296-image.jpg
00475.jpg,#2CD82,/uploads/1780962722977-image.jpg,1780962722977-image.jpg
00476.jpg,#D1832,/uploads/1780962779008-image.jpg,1780962779008-image.jpg
00477.jpg,#308A,/uploads/1780962865207-image.jpg,1780962865207-image.jpg
00478.jpg,#208B7,/uploads/1780963034908-image.jpg,1780963034908-image.jpg
00479.jpg,#185D0,/uploads/1780963099853-image.jpg,1780963099853-image.jpg
00480.jpg,#7378,/uploads/1780963650906-image.jpg,1780963650906-image.jpg
00481.jpg,#77D94,/uploads/1780963737470-image.jpg,1780963737470-image.jpg
00482.jpg,#7A6BE,/uploads/1780963952758-image.jpg,1780963952758-image.jpg
00483.jpg,#82063,/uploads/1780964127944-image.jpg,1780964127944-image.jpg
00484.jpg,#AEFAB,/uploads/1780964704702-image.jpg,1780964704702-image.jpg
00485.jpg,#7BFSD,/uploads/1780964760913-image.jpg,1780964760913-image.jpg
00486.jpg,#3CD2F,/uploads/1780964832518-image.jpg,1780964832518-image.jpg
00487.jpg,#F2B8B,/uploads/1780964919347-image.jpg,1780964919347-image.jpg
00488.jpg,#E9EAA,/uploads/1780964998890-image.jpg,1780964998890-image.jpg
00489.jpg,#F5C2C,/uploads/1780965312331-image.jpg,1780965312331-image.jpg
00490.jpg,#68000,/uploads/1780998274829-17809982612913443367395945040662.jpg,1780998274829-17809982612913443367395945040662.jpg
00491.jpg,#4B79E,/uploads/1781000610894-image.jpg,1781000610894-image.jpg
00492.jpg,#FD63F,/uploads/1781000749904-image.jpg,1781000749904-image.jpg
00493.jpg,#34CD8,/uploads/1781003593986-17810035781085843301641793175731.jpg,1781003593986-17810035781085843301641793175731.jpg
00494.jpg,#58D82,/uploads/1781003699719-17810036876431731839774957410656.jpg,1781003699719-17810036876431731839774957410656.jpg
00495.jpg,#5BE9D,/uploads/1781003760571-17810037489709134018711122915916.jpg,1781003760571-17810037489709134018711122915916.jpg
00496.jpg,#838AA,/uploads/1781003826704-17810038092854195988003005947385.jpg,1781003826704-17810038092854195988003005947385.jpg
00497.jpg,#71C2A,/uploads/1781003907899-17810038804746830573541144669021.jpg,1781003907899-17810038804746830573541144669021.jpg
00498.jpg,#34EB7,/uploads/1781006168480-17810061551157207469659270255496.jpg,1781006168480-17810061551157207469659270255496.jpg
00499.jpg,#E2D62,/uploads/1781006760742-17810067340168857703722584336042.jpg,1781006760742-17810067340168857703722584336042.jpg
00500.jpg,#DD06C,/uploads/1781007646020-image.jpg,1781007646020-image.jpg
00501.jpg,#4658,/uploads/1781008933441-image.jpg,1781008933441-image.jpg
00502.jpg,#11433,/uploads/1781013774867-image.jpg,1781013774867-image.jpg
00503.jpg,#0218,/uploads/1781014912868-image.jpg,1781014912868-image.jpg
00504.jpg,#4EF89,/uploads/1781016418887-image.jpg,1781016418887-image.jpg
00505.jpg,#4BCEA,/uploads/1781018303045-image.jpg,1781018303045-image.jpg
00506.jpg,#1C74DBS,/uploads/1781018636369-image.jpg,1781018636369-image.jpg
00507.jpg,#2952,/uploads/1781020760044-image.jpg,1781020760044-image.jpg
00508.jpg,#F344A,/uploads/1781020795974-image.jpg,1781020795974-image.jpg
00509.jpg,#349215,/uploads/1781022159477-image.jpg,1781022159477-image.jpg
00510.jpg,#15E05,/uploads/1781022171321-image.jpg,1781022171321-image.jpg
00511.jpg,#98180,/uploads/1781022176579-image.jpg,1781022176579-image.jpg
00512.jpg,#9FFCA,/uploads/1781022365405-image.jpg,1781022365405-image.jpg
00513.jpg,#EOBIS,/uploads/1781022757698-image.jpg,1781022757698-image.jpg
00514.jpg,#21EAF,/uploads/1781022811803-image.jpg,1781022811803-image.jpg
00515.jpg,#7C692,/uploads/1781023610804-image.jpg,1781023610804-image.jpg
00516.jpg,#AA13C,/uploads/1781024006760-image.jpg,1781024006760-image.jpg
00517.jpg,#268FA,/uploads/1781024090955-image.jpg,1781024090955-image.jpg
00518.jpg,#AF358,/uploads/1781024585819-image.jpg,1781024585819-image.jpg
00519.jpg,#6080,/uploads/1781026201995-image.jpg,1781026201995-image.jpg
00520.jpg,#B1C6E,/uploads/1781026472473-image.jpg,1781026472473-image.jpg
00521.jpg,#E6616,/uploads/1781026478636-image.jpg,1781026478636-image.jpg
00522.jpg,#4727,/uploads/1781026496566-image.jpg,1781026496566-image.jpg
00523.jpg,#6400,/uploads/1781026601335-image.jpg,1781026601335-image.jpg
00524.jpg,#D27D5,/uploads/1781027551356-image.jpg,1781027551356-image.jpg
00525.jpg,#12732,/uploads/1781027556166-image.jpg,1781027556166-image.jpg
00526.jpg,#A9122,/uploads/1781028069404-image.jpg,1781028069404-image.jpg
00527.jpg,#E3C6F,/uploads/1781028141945-image.jpg,1781028141945-image.jpg
00528.jpg,#93321,/uploads/1781028497938-image.jpg,1781028497938-image.jpg
00529.jpg,#AQ8CI,/uploads/1781028660016-image.jpg,1781028660016-image.jpg
00530.jpg,#12BDD,/uploads/1781029060028-image.jpg,1781029060028-image.jpg
00531.jpg,#FEDFA,/uploads/1781029158356-image.jpg,1781029158356-image.jpg
00532.jpg,#D5DD7,/uploads/1781029215465-image.jpg,1781029215465-image.jpg
00533.jpg,#D5DD,/uploads/1781029236276-image.jpg,1781029236276-image.jpg
00534.jpg,#8F253,/uploads/1781029864210-17810298488908417937850934171048.jpg,1781029864210-17810298488908417937850934171048.jpg
00535.jpg,#4120,/uploads/1781030086667-17810300765814836037003061599240.jpg,1781030086667-17810300765814836037003061599240.jpg
00536.jpg,#57269,/uploads/1781030755565-image.jpg,1781030755565-image.jpg
00537.jpg,#ATETS,/uploads/1781030820201-image.jpg,1781030820201-image.jpg
00538.jpg,#DFDCO,/uploads/1781031056527-image.jpg,1781031056527-image.jpg
00539.jpg,#A7T2ZA6,/uploads/1781031466701-image.jpg,1781031466701-image.jpg
00540.jpg,#18549,/uploads/1781032087996-image.jpg,1781032087996-image.jpg
00541.jpg,#F1084,/uploads/1781032415984-image.jpg,1781032415984-image.jpg
00542.jpg,#49C58,/uploads/1781033255312-image.jpg,1781033255312-image.jpg
00543.jpg,#APE6F,/uploads/1781033264767-image.jpg,1781033264767-image.jpg
00544.jpg,#8228,/uploads/1781033362760-image.jpg,1781033362760-image.jpg
00545.jpg,#4AA72,/uploads/1781034423187-image.jpg,1781034423187-image.jpg
00546.jpg,#45791,/uploads/1781034440802-image.jpg,1781034440802-image.jpg
00547.jpg,#9931,/uploads/1781034541114-image.jpg,1781034541114-image.jpg
00548.jpg,#28125,/uploads/1781034850668-image.jpg,1781034850668-image.jpg
00549.jpg,#D8C66,/uploads/1781035151576-image.jpg,1781035151576-image.jpg
00550.jpg,#F3DE7,/uploads/1781035632419-image.jpg,1781035632419-image.jpg
00551.jpg,#7631B,/uploads/1781036287676-image.jpg,1781036287676-image.jpg
00552.jpg,#B918B,/uploads/1781036516703-image.jpg,1781036516703-image.jpg
00553.jpg,#8785,/uploads/1781037587589-image.jpg,1781037587589-image.jpg
00554.jpg,#7399,/uploads/1781037935820-image.jpg,1781037935820-image.jpg
00555.jpg,#DC648,/uploads/1781038010640-image.jpg,1781038010640-image.jpg
00556.jpg,#06B21,/uploads/1781038375151-image.jpg,1781038375151-image.jpg
00557.jpg,#0B798,/uploads/1781038968892-17810389549972393018749095016948.jpg,1781038968892-17810389549972393018749095016948.jpg
00558.jpg,#05937,/uploads/1781039115888-image.jpg,1781039115888-image.jpg
00559.jpg,#F7C31,/uploads/1781039716108-image.jpg,1781039716108-image.jpg
00560.jpg,#573F0,/uploads/1781040748864-image.jpg,1781040748864-image.jpg
00561.jpg,#0538,/uploads/1781040945934-image.jpg,1781040945934-image.jpg
00562.jpg,#73GWENAE,/uploads/1781041196496-image.jpg,1781041196496-image.jpg
00563.jpg,#9224,/uploads/1781041277266-image.jpg,1781041277266-image.jpg
00564.jpg,#803AA,/uploads/1781041400422-image.jpg,1781041400422-image.jpg
00565.jpg,#405E5,/uploads/1781042089975-image.jpg,1781042089975-image.jpg
00566.jpg,#DBSD4,/uploads/1781042853692-17810428322514476145446343449902.jpg,1781042853692-17810428322514476145446343449902.jpg
00567.jpg,#0B26D,/uploads/1781043185106-17810431671824819650262684042198.jpg,1781043185106-17810431671824819650262684042198.jpg
00568.jpg,#B7C3A,/uploads/1781043744458-image.jpg,1781043744458-image.jpg
00569.jpg,#A8FFA,/uploads/1781044060249-image.jpg,1781044060249-image.jpg
00570.jpg,#5824,/uploads/1781044073220-image.jpg,1781044073220-image.jpg
00571.jpg,#73AD8,/uploads/1781044196143-image.jpg,1781044196143-image.jpg
00572.jpg,#A7408,/uploads/1781044734946-image.jpg,1781044734946-image.jpg
00573.jpg,#C66D2,/uploads/1781044861649-image.jpg,1781044861649-image.jpg
00574.jpg,#896B8,/uploads/1781045072537-image.jpg,1781045072537-image.jpg
00575.jpg,#911A8,/uploads/1781045992813-image.jpg,1781045992813-image.jpg
00576.jpg,#371B7,/uploads/1781046539612-image.jpg,1781046539612-image.jpg
00577.jpg,#1VIANDE,/uploads/1781046636954-image.jpg,1781046636954-image.jpg
00578.jpg,#6BEDS,/uploads/1781046974643-image.jpg,1781046974643-image.jpg
00579.jpg,#6694E,/uploads/1781048191204-image.jpg,1781048191204-image.jpg
00580.jpg,#DEDBE,/uploads/1781048271734-image.jpg,1781048271734-image.jpg
00581.jpg,#177C6,/uploads/1781048718713-image.jpg,1781048718713-image.jpg
00582.jpg,#29015,/uploads/1781049626555-image.jpg,1781049626555-image.jpg
00583.jpg,#0CD25,/uploads/1781049684220-image.jpg,1781049684220-image.jpg
00584.jpg,#3D7BF,/uploads/1781049825997-image.jpg,1781049825997-image.jpg
00585.jpg,#6864,/uploads/1781050336021-image.jpg,1781050336021-image.jpg
00586.jpg,#34B45,/uploads/1781051361352-image.jpg,1781051361352-image.jpg
00587.jpg,#FOR,/uploads/1781052090739-image.jpg,1781052090739-image.jpg
00588.jpg,#E81A0,/uploads/1781052163564-image.jpg,1781052163564-image.jpg
00589.jpg,#93CC3,/uploads/1781052232421-image.jpg,1781052232421-image.jpg
00590.jpg,#E40B5,/uploads/1781085482725-17810854650525725778846625535182.jpg,1781085482725-17810854650525725778846625535182.jpg
00591.jpg,#59556,/uploads/1781086005739-image.jpg,1781086005739-image.jpg
00592.jpg,#7200D,/uploads/1781086370941-image.jpg,1781086370941-image.jpg
00593.jpg,#6CECB,/uploads/1781086472396-image.jpg,1781086472396-image.jpg
00594.jpg,#9BAC6,/uploads/1781086494059-image.jpg,1781086494059-image.jpg
00595.jpg,#4E31B,/uploads/1781086563601-image.jpg,1781086563601-image.jpg
00596.jpg,#E6BA0,/uploads/1781087193377-image.jpg,1781087193377-image.jpg
00597.jpg,#E6BAO,/uploads/1781087233312-image.jpg,1781087233312-image.jpg
00598.jpg,#40A7F,/uploads/1781087536722-image.jpg,1781087536722-image.jpg
00599.jpg,#8EGBE,/uploads/1781088385453-image.jpg,1781088385453-image.jpg
00600.jpg,#CCF63,/uploads/1781089133968-image.jpg,1781089133968-image.jpg
00601.jpg,#7231,/uploads/1781094017807-image.jpg,1781094017807-image.jpg
00602.jpg,#9D651,/uploads/1781094657489-image.jpg,1781094657489-image.jpg
00603.jpg,#16MATHIA,/uploads/1781095070291-image.jpg,1781095070291-image.jpg
00604.jpg,#73D2A,/uploads/1781096611168-image.jpg,1781096611168-image.jpg
00605.jpg,#FFSC7,/uploads/1781100489560-17811004799324403500742945485939.jpg,1781100489560-17811004799324403500742945485939.jpg
00606.jpg,#3301,/uploads/1781102595919-image.jpg,1781102595919-image.jpg
00607.jpg,#48403,/uploads/1781102629694-image.jpg,1781102629694-image.jpg
00608.jpg,#934B0,/uploads/1781102700437-image.jpg,1781102700437-image.jpg
00609.jpg,#934B0,/uploads/1781102714937-image.jpg,1781102714937-image.jpg
00610.jpg,#934B0,/uploads/1781102728308-image.jpg,1781102728308-image.jpg
00611.jpg,#5741,/uploads/1781102897793-image.jpg,1781102897793-image.jpg
00612.jpg,#5741,/uploads/1781102906660-image.jpg,1781102906660-image.jpg
00613.jpg,#5744,/uploads/1781102930523-image.jpg,1781102930523-image.jpg
00614.jpg,#C34C9,/uploads/1781104201037-image.jpg,1781104201037-image.jpg
00615.jpg,#27TAF,/uploads/1781105608494-image.jpg,1781105608494-image.jpg
00616.jpg,#1D893,/uploads/1781107037040-image.jpg,1781107037040-image.jpg
00617.jpg,#6BE22,/uploads/1781108902720-image.jpg,1781108902720-image.jpg
00618.jpg,#9199,/uploads/1781110012409-image.jpg,1781110012409-image.jpg
00619.jpg,#DE8C3,/uploads/1781110818954-image.jpg,1781110818954-image.jpg
00620.jpg,#4E125,/uploads/1781111487084-image.jpg,1781111487084-image.jpg
00621.jpg,#3CFO4,/uploads/1781111805600-image.jpg,1781111805600-image.jpg
00622.jpg,#F71C2,/uploads/1781112275777-image.jpg,1781112275777-image.jpg
00623.jpg,#F62B0,/uploads/1781112291973-image.jpg,1781112291973-image.jpg
00624.jpg,#54771,/uploads/1781114996700-image.jpg,1781114996700-image.jpg
00625.jpg,#FA4EL,/uploads/1781115202579-image.jpg,1781115202579-image.jpg
00626.jpg,#ASPER,/uploads/1781115719310-image.jpg,1781115719310-image.jpg
00627.jpg,#64ABF,/uploads/1781116267506-image.jpg,1781116267506-image.jpg
00628.jpg,#FBAO3,/uploads/1781116417447-image.jpg,1781116417447-image.jpg
00629.jpg,#98085,/uploads/1781116727582-image.jpg,1781116727582-image.jpg
00630.jpg,#4856,/uploads/1781116948136-image.jpg,1781116948136-image.jpg
00631.jpg,#4469,/uploads/1781116957234-image.jpg,1781116957234-image.jpg
00632.jpg,#BCOC6,/uploads/1781117850699-image.jpg,1781117850699-image.jpg
00633.jpg,#8693E,/uploads/1781117962869-image.jpg,1781117962869-image.jpg
00634.jpg,#F871,/uploads/1781118140159-image.jpg,1781118140159-image.jpg
00635.jpg,#47CC1,/uploads/1781118347864-image.jpg,1781118347864-image.jpg
00636.jpg,#0039,/uploads/1781118366210-image.jpg,1781118366210-image.jpg
00637.jpg,#EFOO3,/uploads/1781118737760-image.jpg,1781118737760-image.jpg
00638.jpg,#FA8F1,/uploads/1781119062008-image.jpg,1781119062008-image.jpg
00639.jpg,#6C182,/uploads/1781119165390-image.jpg,1781119165390-image.jpg
00640.jpg,#6663,/uploads/1781119306068-image.jpg,1781119306068-image.jpg
00641.jpg,#5282,/uploads/1781119474621-image.jpg,1781119474621-image.jpg
00642.jpg,#12BFE,/uploads/1781119648082-image.jpg,1781119648082-image.jpg
00643.jpg,#F801A,/uploads/1781120077705-image.jpg,1781120077705-image.jpg
00644.jpg,#B0E9C,/uploads/1781120145190-image.jpg,1781120145190-image.jpg
00645.jpg,#761E4,/uploads/1781120274384-image.jpg,1781120274384-image.jpg
00646.jpg,#1BDF7,/uploads/1781120324252-image.jpg,1781120324252-image.jpg
00647.jpg,#FDFC4,/uploads/1781120399126-image.jpg,1781120399126-image.jpg
00648.jpg,#DB268,/uploads/1781120477391-image.jpg,1781120477391-image.jpg
00649.jpg,#300FO,/uploads/1781120546527-image.jpg,1781120546527-image.jpg
00650.jpg,#0A760,/uploads/1781121540747-image.jpg,1781121540747-image.jpg
00651.jpg,#A8BOF,/uploads/1781121615847-image.jpg,1781121615847-image.jpg
00652.jpg,#7C4EC,/uploads/1781121682756-image.jpg,1781121682756-image.jpg
00653.jpg,#2Z208FD,/uploads/1781122069102-17811220592808132713971980676927.jpg,1781122069102-17811220592808132713971980676927.jpg
00654.jpg,#17096,/uploads/1781122152640-17811221432709131972550827487659.jpg,1781122152640-17811221432709131972550827487659.jpg
00655.jpg,#A9766,/uploads/1781122561082-image.jpg,1781122561082-image.jpg
00656.jpg,#4BDD4,/uploads/1781123018816-image.jpg,1781123018816-image.jpg
00657.jpg,#07FBS5,/uploads/1781123565572-image.jpg,1781123565572-image.jpg
00658.jpg,#7B170,/uploads/1781124322024-image.jpg,1781124322024-image.jpg
00659.jpg,#ULD,/uploads/1781125092326-image.jpg,1781125092326-image.jpg
00660.jpg,#3523,/uploads/1781125179516-image.jpg,1781125179516-image.jpg
00661.jpg,#63CCD,/uploads/1781125465709-image.jpg,1781125465709-image.jpg
00662.jpg,#28426,/uploads/1781125473292-image.jpg,1781125473292-image.jpg
00663.jpg,#4CE20,/uploads/1781125544060-image.jpg,1781125544060-image.jpg
00664.jpg,#DB832,/uploads/1781126027494-1781126003974959269923087404469.jpg,1781126027494-1781126003974959269923087404469.jpg
00665.jpg,#068D0,/uploads/1781127533099-image.jpg,1781127533099-image.jpg
00666.jpg,#5CCCA,/uploads/1781127589641-image.jpg,1781127589641-image.jpg
00667.jpg,#88DE2,/uploads/1781128720077-image.jpg,1781128720077-image.jpg
00668.jpg,#EEBDO6,/uploads/1781129022323-image.jpg,1781129022323-image.jpg
00669.jpg,#43F6E,/uploads/1781129990243-17811299114583884781386461633090.jpg,1781129990243-17811299114583884781386461633090.jpg
00670.jpg,#C3BCE,/uploads/1781130985155-image.jpg,1781130985155-image.jpg
00671.jpg,#2F103,/uploads/1781131113040-image.jpg,1781131113040-image.jpg
00672.jpg,#9099,/uploads/1781131171460-image.jpg,1781131171460-image.jpg
00673.jpg,#A4CF2,/uploads/1781131222681-image.jpg,1781131222681-image.jpg
00674.jpg,#HACITDE,/uploads/1781132371659-image.jpg,1781132371659-image.jpg
00675.jpg,#OCOIF,/uploads/1781135037529-image.jpg,1781135037529-image.jpg
00676.jpg,#72154,/uploads/1781135250148-image.jpg,1781135250148-image.jpg
00677.jpg,#F8F77,/uploads/1781135414990-image.jpg,1781135414990-image.jpg
00678.jpg,#5DA54,/uploads/1781135746583-image.jpg,1781135746583-image.jpg
00679.jpg,#A8C99,/uploads/1781135959014-image.jpg,1781135959014-image.jpg
00680.jpg,#B67F7,/uploads/1781136020086-image.jpg,1781136020086-image.jpg
00681.jpg,#ES5FO,/uploads/1781136139150-image.jpg,1781136139150-image.jpg
00682.jpg,#3AAEC,/uploads/1781136578099-image.jpg,1781136578099-image.jpg
00683.jpg,#AA052,/uploads/1781136795951-image.jpg,1781136795951-image.jpg
00684.jpg,#2CEF7,/uploads/1781136985100-image.jpg,1781136985100-image.jpg
00685.jpg,#5A7D2,/uploads/1781137303848-image.jpg,1781137303848-image.jpg
00686.jpg,#948DC,/uploads/1781137350636-image.jpg,1781137350636-image.jpg
00687.jpg,#D1ECC,/uploads/1781137394839-image.jpg,1781137394839-image.jpg
00688.jpg,#F3E92,/uploads/1781138556433-image.jpg,1781138556433-image.jpg
00689.jpg,#9558,/uploads/1781170965661-image.jpg,1781170965661-image.jpg
00690.jpg,#4C93A,/uploads/1781172308166-image.jpg,1781172308166-image.jpg
00691.jpg,#700FC,/uploads/1781173022101-image.jpg,1781173022101-image.jpg
00692.jpg,#F1DD5,/uploads/1781175761070-image.jpg,1781175761070-image.jpg
00693.jpg,#97A7FB,/uploads/1781177627969-image.jpg,1781177627969-image.jpg
00694.jpg,#98266,/uploads/1781177885160-image.jpg,1781177885160-image.jpg
00695.jpg,#6F369,/uploads/1781179467786-17811794535334558154836001192433.jpg,1781179467786-17811794535334558154836001192433.jpg
00696.jpg,#6095,/uploads/1781184609379-17811845994766906423066582553621.jpg,1781184609379-17811845994766906423066582553621.jpg
00697.jpg,#1800,/uploads/1781185071856-image.jpg,1781185071856-image.jpg
00698.jpg,#93745,/uploads/1781185535146-image.jpg,1781185535146-image.jpg
00699.jpg,#0986,/uploads/1781187445068-1781187415988894888419434681022.jpg,1781187445068-1781187415988894888419434681022.jpg
00700.jpg,#EA465,/uploads/1781187913808-image.jpg,1781187913808-image.jpg
00701.jpg,#3D53F,/uploads/1781191423497-image.jpg,1781191423497-image.jpg
00702.jpg,#D2DFC,/uploads/1781194598026-image.jpg,1781194598026-image.jpg
00703.jpg,#C197E,/uploads/1781194791158-image.jpg,1781194791158-image.jpg
00704.jpg,#CD283,/uploads/1781195170878-image.jpg,1781195170878-image.jpg
00705.jpg,#C310D,/uploads/1781195727939-image.jpg,1781195727939-image.jpg
00706.jpg,#C65B4,/uploads/1781196543892-image.jpg,1781196543892-image.jpg
00707.jpg,#BCCIG,/uploads/1781199444554-image.jpg,1781199444554-image.jpg
00708.jpg,#8EDB9,/uploads/1781199501917-image.jpg,1781199501917-image.jpg
00709.jpg,#43B62,/uploads/1781199669936-image.jpg,1781199669936-image.jpg
00710.jpg,#DDSDI,/uploads/1781199688361-image.jpg,1781199688361-image.jpg
00711.jpg,#57A4E,/uploads/1781200254573-image.jpg,1781200254573-image.jpg
00712.jpg,#86449,/uploads/1781201846329-image.jpg,1781201846329-image.jpg
00713.jpg,#7350,/uploads/1781203143712-image.jpg,1781203143712-image.jpg
00714.jpg,#9721,/uploads/1781204183123-image.jpg,1781204183123-image.jpg
00715.jpg,#8F27B,/uploads/1781204425414-image.jpg,1781204425414-image.jpg
00716.jpg,#2852,/uploads/1781204502336-image.jpg,1781204502336-image.jpg
00717.jpg,#07890,/uploads/1781204730429-image.jpg,1781204730429-image.jpg
00718.jpg,#DAA7B,/uploads/1781204735994-image.jpg,1781204735994-image.jpg
00719.jpg,#479C0,/uploads/1781205294116-image.jpg,1781205294116-image.jpg
00720.jpg,#D3472,/uploads/1781205595088-image.jpg,1781205595088-image.jpg
00721.jpg,#7774B,/uploads/1781206084372-image.jpg,1781206084372-image.jpg
00722.jpg,#D2B1C,/uploads/1781207210320-image.jpg,1781207210320-image.jpg
00723.jpg,#D91A3,/uploads/1781207532155-image.jpg,1781207532155-image.jpg
00724.jpg,#3FF23,/uploads/1781207733557-image.jpg,1781207733557-image.jpg
00725.jpg,#4D330,/uploads/1781207841142-image.jpg,1781207841142-image.jpg
00726.jpg,#9423,/uploads/1781207975058-image.jpg,1781207975058-image.jpg
00727.jpg,#D19E1,/uploads/1781208037125-image.jpg,1781208037125-image.jpg
00728.jpg,#B47A4,/uploads/1781208251479-image.jpg,1781208251479-image.jpg
00729.jpg,#82C84,/uploads/1781208338777-image.jpg,1781208338777-image.jpg
00730.jpg,#B6151,/uploads/1781208803249-image.jpg,1781208803249-image.jpg
00731.jpg,#2FA21,/uploads/1781209571724-image.jpg,1781209571724-image.jpg
00732.jpg,#4D951,/uploads/1781209650160-image.jpg,1781209650160-image.jpg
00733.jpg,#2MONWA50,/uploads/1781211019502-image.jpg,1781211019502-image.jpg
00734.jpg,#C6A39,/uploads/1781211031228-image.jpg,1781211031228-image.jpg
00735.jpg,#DF5FF,/uploads/1781211044953-image.jpg,1781211044953-image.jpg
00736.jpg,#AC7FA,/uploads/1781211096287-image.jpg,1781211096287-image.jpg
00737.jpg,#52667,/uploads/1781211117714-image.jpg,1781211117714-image.jpg
00738.jpg,#A3COA,/uploads/1781212694564-image.jpg,1781212694564-image.jpg
00739.jpg,#F5848,/uploads/1781212751647-image.jpg,1781212751647-image.jpg
00740.jpg,#901C6,/uploads/1781213631232-image.jpg,1781213631232-image.jpg
00741.jpg,#2F0C2,/uploads/1781214966395-image.jpg,1781214966395-image.jpg
00742.jpg,#EVOEE,/uploads/1781215025394-image.jpg,1781215025394-image.jpg
00743.jpg,#6D6F9,/uploads/1781215553531-image.jpg,1781215553531-image.jpg
00744.jpg,#3A618,/uploads/1781216368856-image.jpg,1781216368856-image.jpg
00745.jpg,#04225,/uploads/1781216723289-image.jpg,1781216723289-image.jpg
00746.jpg,#E3673,/uploads/1781218407873-image.jpg,1781218407873-image.jpg
00747.jpg,#51A4F,/uploads/1781219026305-image.jpg,1781219026305-image.jpg
00748.jpg,#0B1F3,/uploads/1781220306845-image.jpg,1781220306845-image.jpg
00749.jpg,#D3350,/uploads/1781220348346-image.jpg,1781220348346-image.jpg
00750.jpg,#EE8FD,/uploads/1781220606593-image.jpg,1781220606593-image.jpg
00751.jpg,#C8810,/uploads/1781220674171-image.jpg,1781220674171-image.jpg
00752.jpg,#E6CB5,/uploads/1781220768913-image.jpg,1781220768913-image.jpg
00753.jpg,#2BBBA,/uploads/1781221079452-image.jpg,1781221079452-image.jpg
00754.jpg,#5BC33,/uploads/1781221288687-image.jpg,1781221288687-image.jpg
00755.jpg,#17345,/uploads/1781221390592-image.jpg,1781221390592-image.jpg
00756.jpg,#17345,/uploads/1781221401116-image.jpg,1781221401116-image.jpg
00757.jpg,#2D900,/uploads/1781221463005-image.jpg,1781221463005-image.jpg
00758.jpg,#B110B,/uploads/1781224756196-image.jpg,1781224756196-image.jpg
00759.jpg,#6974,/uploads/1781224963766-image.jpg,1781224963766-image.jpg
00760.jpg,#F5299,/uploads/1781225037751-image.jpg,1781225037751-image.jpg
00761.jpg,#420A3,/uploads/1781226508664-image.jpg,1781226508664-image.jpg
00762.jpg,#83EB9,/uploads/1781226624386-image.jpg,1781226624386-image.jpg
00763.jpg,#83EB9,/uploads/1781226638772-image.jpg,1781226638772-image.jpg
00764.jpg,#2E560,/uploads/1781227144036-image.jpg,1781227144036-image.jpg
00765.jpg,#59FD8,/uploads/1781228187436-image.jpg,1781228187436-image.jpg
00766.jpg,#48B11,/uploads/1781228290988-image.jpg,1781228290988-image.jpg
00767.jpg,#63652,/uploads/1781228543783-image.jpg,1781228543783-image.jpg
00768.jpg,#77273,/uploads/1781229346195-image.jpg,1781229346195-image.jpg
00769.jpg,#065CD,/uploads/1781229977157-image.jpg,1781229977157-image.jpg
00770.jpg,#01D71,/uploads/1781230041548-image.jpg,1781230041548-image.jpg
00771.jpg,#2725,/uploads/1781256132143-image.jpg,1781256132143-image.jpg
00772.jpg,#8E57B,/uploads/1781256175813-image.jpg,1781256175813-image.jpg
00773.jpg,#47A50,/uploads/1781256348509-image.jpg,1781256348509-image.jpg
00774.jpg,#3D1CB,/uploads/1781257377902-image.jpg,1781257377902-image.jpg
00775.jpg,#CG199,/uploads/1781258880825-image.jpg,1781258880825-image.jpg
00776.jpg,#BF456,/uploads/1781258887698-image.jpg,1781258887698-image.jpg
00777.jpg,#E1BC4,/uploads/1781260927012-image.jpg,1781260927012-image.jpg
00778.jpg,#5512,/uploads/1781260966041-image.jpg,1781260966041-image.jpg
00779.jpg,#BC2FB,/uploads/1781261218116-image.jpg,1781261218116-image.jpg
00780.jpg,#A47B7,/uploads/1781261225551-image.jpg,1781261225551-image.jpg
00781.jpg,#880BE,/uploads/1781261357160-image.jpg,1781261357160-image.jpg
00782.jpg,#0E0FB,/uploads/1781261600765-image.jpg,1781261600765-image.jpg
00783.jpg,#E1BC4,/uploads/1781261678469-image.jpg,1781261678469-image.jpg
00784.jpg,#5512,/uploads/1781261686073-image.jpg,1781261686073-image.jpg
00785.jpg,#48866,/uploads/1781261796463-image.jpg,1781261796463-image.jpg
00786.jpg,#70956,/uploads/1781262193203-image.jpg,1781262193203-image.jpg
00787.jpg,#A8DE,/uploads/1781262963905-image.jpg,1781262963905-image.jpg
00788.jpg,#2705,/uploads/1781263138588-image.jpg,1781263138588-image.jpg
00789.jpg,#AEC3F,/uploads/1781263751252-image.jpg,1781263751252-image.jpg
00790.jpg,#B5684,/uploads/1781265268082-image.jpg,1781265268082-image.jpg
00791.jpg,#33ETELEP,/uploads/1781266099903-image.jpg,1781266099903-image.jpg
00792.jpg,#45C10,/uploads/1781271233617-image.jpg,1781271233617-image.jpg
00793.jpg,#5597,/uploads/1781271282877-image.jpg,1781271282877-image.jpg
00794.jpg,#B1A78,/uploads/1781271788483-image.jpg,1781271788483-image.jpg
00795.jpg,#CA2F2,/uploads/1781272228784-image.jpg,1781272228784-image.jpg
00796.jpg,#0923,/uploads/1781272401246-image.jpg,1781272401246-image.jpg
00797.jpg,#47CD9,/uploads/1781275435097-image.jpg,1781275435097-image.jpg
00798.jpg,#770A1,/uploads/1781275562761-image.jpg,1781275562761-image.jpg
00799.jpg,#5E04C,/uploads/1781279307691-image.jpg,1781279307691-image.jpg
00800.jpg,#89BAB,/uploads/1781280462656-image.jpg,1781280462656-image.jpg
00801.jpg,#E46A4,/uploads/1781280548472-image.jpg,1781280548472-image.jpg
00802.jpg,#55D72,/uploads/1781280908384-image.jpg,1781280908384-image.jpg
00803.jpg,#2720,/uploads/1781280971832-image.jpg,1781280971832-image.jpg
00804.jpg,#0408D,/uploads/1781281570209-image.jpg,1781281570209-image.jpg
00805.jpg,#87207,/uploads/1781281730827-image.jpg,1781281730827-image.jpg
00806.jpg,#EAAA6,/uploads/1781282132502-image.jpg,1781282132502-image.jpg
00807.jpg,#E901E,/uploads/1781282478872-image.jpg,1781282478872-image.jpg
00808.jpg,#586EC,/uploads/1781282870908-image.jpg,1781282870908-image.jpg
00809.jpg,#7D236,/uploads/1781283339294-image.jpg,1781283339294-image.jpg
00810.jpg,#4982,/uploads/1781283556294-image.jpg,1781283556294-image.jpg
00811.jpg,#D86BF,/uploads/1781283613293-image.jpg,1781283613293-image.jpg
00812.jpg,#DO4S,/uploads/1781284513930-image.jpg,1781284513930-image.jpg
00813.jpg,#40738,/uploads/1781285202412-image.jpg,1781285202412-image.jpg
00814.jpg,#02304,/uploads/1781286625027-image.jpg,1781286625027-image.jpg
00815.jpg,#079DE,/uploads/1781287387402-image.jpg,1781287387402-image.jpg
00816.jpg,#C6903,/uploads/1781287751507-image.jpg,1781287751507-image.jpg
00817.jpg,#806E7,/uploads/1781288820100-image.jpg,1781288820100-image.jpg
00818.jpg,#877E4,/uploads/1781288828850-image.jpg,1781288828850-image.jpg
00819.jpg,#39855,/uploads/1781289028404-image.jpg,1781289028404-image.jpg
00820.jpg,#4ESAG6,/uploads/1781289623480-image.jpg,1781289623480-image.jpg
00821.jpg,#85E25,/uploads/1781290131217-image.jpg,1781290131217-image.jpg
00822.jpg,#BFBC8,/uploads/1781290456178-image.jpg,1781290456178-image.jpg
00823.jpg,#AOESB,/uploads/1781290579139-image.jpg,1781290579139-image.jpg
00824.jpg,#0235,/uploads/1781292700353-image.jpg,1781292700353-image.jpg
00825.jpg,#00723,/uploads/1781293072076-image.jpg,1781293072076-image.jpg
00826.jpg,#97EFC,/uploads/1781293552855-image.jpg,1781293552855-image.jpg
00827.jpg,#82353,/uploads/1781293948119-image.jpg,1781293948119-image.jpg
00828.jpg,#33505,/uploads/1781294059558-image.jpg,1781294059558-image.jpg
00829.jpg,#DB4B6,/uploads/1781294110413-image.jpg,1781294110413-image.jpg
00830.jpg,#2BOAF,/uploads/1781294387578-image.jpg,1781294387578-image.jpg
00831.jpg,#11A5E,/uploads/1781294696463-image.jpg,1781294696463-image.jpg
00832.jpg,#7242,/uploads/1781295282624-image.jpg,1781295282624-image.jpg
00833.jpg,#4EB74,/uploads/1781295698388-image.jpg,1781295698388-image.jpg
00834.jpg,#AADE4,/uploads/1781295928255-image.jpg,1781295928255-image.jpg
00835.jpg,#8DC2A,/uploads/1781296288910-image.jpg,1781296288910-image.jpg
00836.jpg,#EAEAA,/uploads/1781296566986-image.jpg,1781296566986-image.jpg
00837.jpg,#DB320,/uploads/1781296578333-image.jpg,1781296578333-image.jpg
00838.jpg,#00243,/uploads/1781296867142-image.jpg,1781296867142-image.jpg
00839.jpg,#F3CF4,/uploads/1781297987273-image.jpg,1781297987273-image.jpg
00840.jpg,#CD806,/uploads/1781298011178-image.jpg,1781298011178-image.jpg
00841.jpg,#2368,/uploads/1781298427034-image.jpg,1781298427034-image.jpg
00842.jpg,#2548,/uploads/1781299117051-image.jpg,1781299117051-image.jpg
00843.jpg,#6242,/uploads/1781299154506-image.jpg,1781299154506-image.jpg
00844.jpg,#24D4A,/uploads/1781301193998-image.jpg,1781301193998-image.jpg
00845.jpg,#5BC78,/uploads/1781301960039-image.jpg,1781301960039-image.jpg
00846.jpg,#79521,/uploads/1781302016124-image.jpg,1781302016124-image.jpg
00847.jpg,#2967D,/uploads/1781302995642-image.jpg,1781302995642-image.jpg
00848.jpg,#86F5D,/uploads/1781303731648-image.jpg,1781303731648-image.jpg
00849.jpg,#70542,/uploads/1781303851759-image.jpg,1781303851759-image.jpg
00850.jpg,#0617C,/uploads/1781304854690-image.jpg,1781304854690-image.jpg
00851.jpg,#3DD40,/uploads/1781304915292-image.jpg,1781304915292-image.jpg
00852.jpg,#49F1C,/uploads/1781304996912-image.jpg,1781304996912-image.jpg
00853.jpg,#1BFC2,/uploads/1781305143019-image.jpg,1781305143019-image.jpg
00854.jpg,#3A8CB,/uploads/1781305503770-image.jpg,1781305503770-image.jpg
00855.jpg,#2500,/uploads/1781305648380-image.jpg,1781305648380-image.jpg
00856.jpg,#2709,/uploads/1781306226318-image.jpg,1781306226318-image.jpg
00857.jpg,#E2EF8,/uploads/1781306292733-image.jpg,1781306292733-image.jpg
00858.jpg,#AA773,/uploads/1781306353237-image.jpg,1781306353237-image.jpg
00859.jpg,#E1DA4,/uploads/1781306765040-image.jpg,1781306765040-image.jpg
00860.jpg,#2F1EF,/uploads/1781306850686-image.jpg,1781306850686-image.jpg
00861.jpg,#96F87,/uploads/1781307350220-image.jpg,1781307350220-image.jpg
00862.jpg,#6BO0A9,/uploads/1781307434319-image.jpg,1781307434319-image.jpg
00863.jpg,#5552,/uploads/1781307468270-image.jpg,1781307468270-image.jpg
00864.jpg,#93D63,/uploads/1781307513132-image.jpg,1781307513132-image.jpg
00865.jpg,#93D63,/uploads/1781307523012-image.jpg,1781307523012-image.jpg
00866.jpg,#6F074,/uploads/1781307634708-image.jpg,1781307634708-image.jpg
00867.jpg,#EA6DG6,/uploads/1781308206216-image.jpg,1781308206216-image.jpg
00868.jpg,#90ACB,/uploads/1781308504662-image.jpg,1781308504662-image.jpg
00869.jpg,#84313,/uploads/1781308791415-image.jpg,1781308791415-image.jpg
00870.jpg,#90993,/uploads/1781308875434-image.jpg,1781308875434-image.jpg
00871.jpg,#59A82,/uploads/1781309362084-image.jpg,1781309362084-image.jpg
00872.jpg,#3347,/uploads/1781309674953-image.jpg,1781309674953-image.jpg
00873.jpg,#5435,/uploads/1781310247874-image.jpg,1781310247874-image.jpg
00874.jpg,#9EBCA,/uploads/1781310271247-image.jpg,1781310271247-image.jpg
00875.jpg,#D63F7,/uploads/1781310767121-image.jpg,1781310767121-image.jpg
00876.jpg,#F1108,/uploads/1781310895006-image.jpg,1781310895006-image.jpg
00877.jpg,#F1108,/uploads/1781310989455-image.jpg,1781310989455-image.jpg
00878.jpg,#7599A,/uploads/1781311353029-image.jpg,1781311353029-image.jpg
00879.jpg,#570E9,/uploads/1781311372994-image.jpg,1781311372994-image.jpg
00880.jpg,#6B686,/uploads/1781311726472-image.jpg,1781311726472-image.jpg
00881.jpg,#BEOCA,/uploads/1781312007237-image.jpg,1781312007237-image.jpg
00882.jpg,#C3E0C,/uploads/1781312319569-image.jpg,1781312319569-image.jpg
00883.jpg,#1706F,/uploads/1781312359978-image.jpg,1781312359978-image.jpg
00884.jpg,#F194F,/uploads/1781312515058-image.jpg,1781312515058-image.jpg
00885.jpg,#8A0F3,/uploads/1781313025963-image.jpg,1781313025963-image.jpg
00886.jpg,#DE10A,/uploads/1781313110262-image.jpg,1781313110262-image.jpg
00887.jpg,#1B47A,/uploads/1781313229189-image.jpg,1781313229189-image.jpg
00888.jpg,#9373,/uploads/1781313525552-image.jpg,1781313525552-image.jpg
00889.jpg,#B136BIPE,/uploads/1781313589687-image.jpg,1781313589687-image.jpg
00890.jpg,#47BB0,/uploads/1781314602569-image.jpg,1781314602569-image.jpg
00891.jpg,#86BEC,/uploads/1781316975681-image.jpg,1781316975681-image.jpg
00892.jpg,#40D3A,/uploads/1781343666718-image.jpg,1781343666718-image.jpg
00893.jpg,#8B7AC,/uploads/1781343736815-image.jpg,1781343736815-image.jpg
00894.jpg,#5785,/uploads/1781345282245-image.jpg,1781345282245-image.jpg
00895.jpg,#D6D5D,/uploads/1781346346965-image.jpg,1781346346965-image.jpg
00896.jpg,#8EEFF,/uploads/1781346386733-image.jpg,1781346386733-image.jpg
00897.jpg,#A1BDC,/uploads/1781346736169-image.jpg,1781346736169-image.jpg
00898.jpg,#7010,/uploads/1781347142633-image.jpg,1781347142633-image.jpg
00899.jpg,#C504E,/uploads/1781349130810-image.jpg,1781349130810-image.jpg
00900.jpg,#9557,/uploads/1781349935707-image.jpg,1781349935707-image.jpg
00901.jpg,#23560,/uploads/1781350158602-image.jpg,1781350158602-image.jpg
00902.jpg,#8127,/uploads/1781350616262-image.jpg,1781350616262-image.jpg
00903.jpg,#25B59,/uploads/1781350681133-image.jpg,1781350681133-image.jpg
00904.jpg,#17D68,/uploads/1781352020039-image.jpg,1781352020039-image.jpg
00905.jpg,#5492,/uploads/1781353913438-image.jpg,1781353913438-image.jpg
00906.jpg,#73878,/uploads/1781355993592-image.jpg,1781355993592-image.jpg
00907.jpg,#2620,/uploads/1781356092631-image.jpg,1781356092631-image.jpg
00908.jpg,#3910,/uploads/1781356332415-image.jpg,1781356332415-image.jpg
00909.jpg,#NAZE,/uploads/1781356527133-image.jpg,1781356527133-image.jpg
00910.jpg,#OBFBT,/uploads/1781358914637-image.jpg,1781358914637-image.jpg
00911.jpg,#87052,/uploads/1781361170765-image.jpg,1781361170765-image.jpg
00912.jpg,#37161,/uploads/1781361990594-image.jpg,1781361990594-image.jpg
00913.jpg,#53164,/uploads/1781366215295-image.jpg,1781366215295-image.jpg
00914.jpg,#C47AE,/uploads/1781371332342-image.jpg,1781371332342-image.jpg
00915.jpg,#8FA48,/uploads/1781371500722-image.jpg,1781371500722-image.jpg
00916.jpg,#CC3IC,/uploads/1781371999187-image.jpg,1781371999187-image.jpg
00917.jpg,#939EF,/uploads/1781372108699-image.jpg,1781372108699-image.jpg
00918.jpg,#EB307,/uploads/1781373274546-image.jpg,1781373274546-image.jpg
00919.jpg,#1AFD,/uploads/1781373372051-image.jpg,1781373372051-image.jpg
00920.jpg,#38070,/uploads/1781373723205-image.jpg,1781373723205-image.jpg
00921.jpg,#8987,/uploads/1781374123603-image.jpg,1781374123603-image.jpg
00922.jpg,#C20A9,/uploads/1781374204782-image.jpg,1781374204782-image.jpg
00923.jpg,#7E891,/uploads/1781374887290-image.jpg,1781374887290-image.jpg
00924.jpg,#BFE22,/uploads/1781375143210-image.jpg,1781375143210-image.jpg
00925.jpg,#6835,/uploads/1781375578373-image.jpg,1781375578373-image.jpg
00926.jpg,#7F536,/uploads/1781375663147-image.jpg,1781375663147-image.jpg
00927.jpg,#8278,/uploads/1781376048133-image.jpg,1781376048133-image.jpg
00928.jpg,#4D2FE,/uploads/1781376200036-image.jpg,1781376200036-image.jpg
00929.jpg,#B2827,/uploads/1781376867768-image.jpg,1781376867768-image.jpg
00930.jpg,#7DFSF,/uploads/1781377055902-image.jpg,1781377055902-image.jpg
00931.jpg,#4CE40,/uploads/1781377120020-image.jpg,1781377120020-image.jpg
00932.jpg,#0BCA1,/uploads/1781377295770-image.jpg,1781377295770-image.jpg
00933.jpg,#9B0B9,/uploads/1781377639970-image.jpg,1781377639970-image.jpg
00934.jpg,#0170C,/uploads/1781377707705-image.jpg,1781377707705-image.jpg
00935.jpg,#C9C49,/uploads/1781377774446-image.jpg,1781377774446-image.jpg
00936.jpg,#666D0,/uploads/1781377918096-image.jpg,1781377918096-image.jpg
00937.jpg,#0E478,/uploads/1781377962191-image.jpg,1781377962191-image.jpg
00938.jpg,#8534,/uploads/1781378209961-image.jpg,1781378209961-image.jpg
00939.jpg,#007CA,/uploads/1781378253346-image.jpg,1781378253346-image.jpg
00940.jpg,#DCCBSS,/uploads/1781378326252-image.jpg,1781378326252-image.jpg
00941.jpg,#52D1B,/uploads/1781378568991-image.jpg,1781378568991-image.jpg
00942.jpg,#DE491,/uploads/1781379308826-image.jpg,1781379308826-image.jpg
00943.jpg,#BF100,/uploads/1781379371060-image.jpg,1781379371060-image.jpg
00944.jpg,#1106,/uploads/1781379424033-image.jpg,1781379424033-image.jpg
00945.jpg,#B6967,/uploads/1781379505782-image.jpg,1781379505782-image.jpg
00946.jpg,#7T9AF,/uploads/1781379583398-image.jpg,1781379583398-image.jpg
00947.jpg,#39679,/uploads/1781379638940-image.jpg,1781379638940-image.jpg
00948.jpg,#ASFFC,/uploads/1781379682588-image.jpg,1781379682588-image.jpg
00949.jpg,#B7CF7,/uploads/1781379751830-image.jpg,1781379751830-image.jpg
00950.jpg,#E0A2D,/uploads/1781380562018-image.jpg,1781380562018-image.jpg
00951.jpg,#51BB9,/uploads/1781380988611-image.jpg,1781380988611-image.jpg
00952.jpg,#E5768,/uploads/1781381792976-image.jpg,1781381792976-image.jpg
00953.jpg,#05181,/uploads/1781382406808-image.jpg,1781382406808-image.jpg
00954.jpg,#9957A,/uploads/1781382638552-image.jpg,1781382638552-image.jpg
00955.jpg,#EE2D5,/uploads/1781382860430-image.jpg,1781382860430-image.jpg
00956.jpg,#1B196,/uploads/1781383210909-image.jpg,1781383210909-image.jpg
00957.jpg,#4E074,/uploads/1781383421512-image.jpg,1781383421512-image.jpg
00958.jpg,#E6739,/uploads/1781383621025-image.jpg,1781383621025-image.jpg
00959.jpg,#397C7,/uploads/1781384443099-image.jpg,1781384443099-image.jpg
00960.jpg,#1124,/uploads/1781384596623-image.jpg,1781384596623-image.jpg
00961.jpg,#73904,/uploads/1781385139017-image.jpg,1781385139017-image.jpg
00962.jpg,#CDA27,/uploads/1781385663108-image.jpg,1781385663108-image.jpg
00963.jpg,#18B3D,/uploads/1781385744906-image.jpg,1781385744906-image.jpg
00964.jpg,#E84E7,/uploads/1781385749105-image.jpg,1781385749105-image.jpg
00965.jpg,#3E7DE,/uploads/1781386160007-image.jpg,1781386160007-image.jpg
00966.jpg,#1477,/uploads/1781386878221-image.jpg,1781386878221-image.jpg
00967.jpg,#728E07,/uploads/1781386958092-image.jpg,1781386958092-image.jpg
00968.jpg,#169BE,/uploads/1781389107760-image.jpg,1781389107760-image.jpg
00969.jpg,#0561B,/uploads/1781389350538-image.jpg,1781389350538-image.jpg
00970.jpg,#A449C,/uploads/1781389609595-image.jpg,1781389609595-image.jpg
00971.jpg,#5856E,/uploads/1781389878435-image.jpg,1781389878435-image.jpg
00972.jpg,#83773,/uploads/1781390123935-image.jpg,1781390123935-image.jpg
00973.jpg,#BAB30,/uploads/1781390237431-image.jpg,1781390237431-image.jpg
00974.jpg,#562B2,/uploads/1781390289230-image.jpg,1781390289230-image.jpg
00975.jpg,#08530,/uploads/1781390435360-image.jpg,1781390435360-image.jpg
00976.jpg,#2908,/uploads/1781390755394-image.jpg,1781390755394-image.jpg
00977.jpg,#883B9,/uploads/1781390926841-image.jpg,1781390926841-image.jpg
00978.jpg,#84D2A,/uploads/1781391024799-image.jpg,1781391024799-image.jpg
00979.jpg,#D74C2,/uploads/1781391171399-image.jpg,1781391171399-image.jpg
00980.jpg,#E9597,/uploads/1781391285551-image.jpg,1781391285551-image.jpg
00981.jpg,#FA7OA,/uploads/1781391509531-image.jpg,1781391509531-image.jpg
00982.jpg,#64870,/uploads/1781391692687-image.jpg,1781391692687-image.jpg
00983.jpg,#F98D1,/uploads/1781392095488-image.jpg,1781392095488-image.jpg
00984.jpg,#5A164,/uploads/1781392203739-image.jpg,1781392203739-image.jpg
00985.jpg,#82099,/uploads/1781393097551-image.jpg,1781393097551-image.jpg
00986.jpg,#1FCF9,/uploads/1781393315335-image.jpg,1781393315335-image.jpg
00987.jpg,#BE2D1,/uploads/1781393865290-image.jpg,1781393865290-image.jpg
00988.jpg,#93F11,/uploads/1781394103108-image.jpg,1781394103108-image.jpg
00989.jpg,#472AD,/uploads/1781394292753-image.jpg,1781394292753-image.jpg
00990.jpg,#20B60,/uploads/1781394609466-image.jpg,1781394609466-image.jpg
00991.jpg,#35741,/uploads/1781394662971-image.jpg,1781394662971-image.jpg
00992.jpg,#20B60,/uploads/1781394729329-image.jpg,1781394729329-image.jpg
00993.jpg,#03378,/uploads/1781394880148-image.jpg,1781394880148-image.jpg
00994.jpg,#1B31C,/uploads/1781395330051-image.jpg,1781395330051-image.jpg
00995.jpg,#A4EA3,/uploads/1781395387573-image.jpg,1781395387573-image.jpg
00996.jpg,#2D890,/uploads/1781395537468-image.jpg,1781395537468-image.jpg
00997.jpg,#F37C6,/uploads/1781395804222-image.jpg,1781395804222-image.jpg
00998.jpg,#5E672,/uploads/1781396002390-image.jpg,1781396002390-image.jpg
00999.jpg,#EEF20,/uploads/1781397606766-17813975922421470639480876749342.jpg,1781397606766-17813975922421470639480876749342.jpg
01000.jpg,#672BA,/uploads/1781398145613-17813981361316082385933384789603.jpg,1781398145613-17813981361316082385933384789603.jpg
01001.jpg,#AEFD9,/uploads/1781398570819-image.jpg,1781398570819-image.jpg
01002.jpg,#0A79E,/uploads/1781398737658-image.jpg,1781398737658-image.jpg
01003.jpg,#C01FD,/uploads/1781398881445-image.jpg,1781398881445-image.jpg
01004.jpg,#6D24C,/uploads/1781399480692-image.jpg,1781399480692-image.jpg
01005.jpg,#6FB2E,/uploads/1781399536595-image.jpg,1781399536595-image.jpg
01006.jpg,#9D947,/uploads/1781399575957-image.jpg,1781399575957-image.jpg
01007.jpg,#4005F,/uploads/1781399626504-image.jpg,1781399626504-image.jpg
01008.jpg,#8E1EF,/uploads/1781399718541-image.jpg,1781399718541-image.jpg
01009.jpg,#B7FF9,/uploads/1781399881117-image.jpg,1781399881117-image.jpg
01010.jpg,#BCE14,/uploads/1781400573012-image.jpg,1781400573012-image.jpg
01011.jpg,#06C7B,/uploads/1781400693123-image.jpg,1781400693123-image.jpg
01012.jpg,#10935,/uploads/1781401237058-image.jpg,1781401237058-image.jpg
01013.jpg,#A42BD,/uploads/1781401510027-image.jpg,1781401510027-image.jpg
01014.jpg,#68637,/uploads/1781402295596-image.jpg,1781402295596-image.jpg
01015.jpg,#76F73,/uploads/1781402644360-image.jpg,1781402644360-image.jpg
